timestamp,aqi,co,no,no2,o3,so2,pm2_5,pm10,nh3
2015-01-01,,0.0,,,,,,,
2015-01-02,,0.0,,,,,,,
2015-01-03,,0.0,,,,,,,
2015-01-04,,0.0,,,,,,,
2015-01-05,,0.0,,,,,,,
2015-01-06,,0.0,,,,,,,
2015-01-07,,0.0,,,,,,,
2015-01-08,,0.0,,,,,,,
2015-01-09,,0.0,,,,,,,
2015-01-10,,0.0,,,,,,,
2015-01-11,,0.0,,,,,,,
2015-01-12,,0.0,,,,,,,
2015-01-13,,0.0,,,,,,,
2015-01-14,,0.0,,,,,,,
2015-01-15,,0.0,,,,,,,
2015-01-16,,0.0,,,,,,,
2015-01-17,,0.0,,,,,,,
2015-01-18,,0.0,,,,,,,
2015-01-19,,0.0,,,,,,,
2015-01-20,,0.0,,,,,,,
2015-01-21,,0.0,,,,,,,
2015-01-22,,0.0,,,,,,,
2015-01-23,,0.0,,,,,,,
2015-01-24,,0.0,,,,,,,
2015-01-25,,0.0,,,,,,,
2015-01-26,,0.0,,,,,,,
2015-01-27,,0.0,,,,,,,
2015-01-28,,0.0,,,,,,,
2015-01-29,,0.0,,,,,,,
2015-01-30,,0.0,,,,,,,
2015-01-31,,0.0,,,,,,,
2015-02-01,,0.0,,,,,,,
2015-02-02,,0.0,,,,,,,
2015-02-03,,0.0,,,,,,,
2015-02-04,,0.0,,,,,,,
2015-02-05,,0.0,,,,,,,
2015-02-06,,0.0,,,,,,,
2015-02-07,,0.0,,,,,,,
2015-02-08,,0.0,,,,,,,
2015-02-09,,0.0,,,,,,,
2015-02-10,,0.0,,,,,,,
2015-02-11,,0.0,,,,,,,
2015-02-12,,0.0,,,,,,,
2015-02-13,,0.0,,,,,,,
2015-02-14,,0.0,,,,,,,
2015-02-15,,0.0,,,,,,,
2015-02-16,,0.0,,,,,,,
2015-02-17,,0.0,,,,,,,
2015-02-18,,0.0,,,,,,,
2015-02-19,,0.0,,,,,,,
2015-02-20,,0.0,,,,,,,
2015-02-21,,0.0,,,,,,,
2015-02-22,,0.0,,,,,,,
2015-02-23,,0.0,,,,,,,
2015-02-24,,0.0,,,,,,,
2015-02-25,,0.0,,,,,,,
2015-02-26,,0.0,,,,,,,
2015-02-27,,0.0,,,,,,,
2015-02-28,,0.0,,,,,,,
2015-03-01,,0.0,,,,,,,
2015-03-02,,0.0,,,,,,,
2015-03-03,,0.0,,,,,,,
2015-03-04,,0.0,,,,,,,
2015-03-05,,0.0,,,,,,,
2015-03-06,,0.0,,,,,,,
2015-03-07,,0.0,,,,,,,
2015-03-08,,0.0,,,,,,,
2015-03-09,,0.0,,,,,,,
2015-03-10,,0.0,,,,,,,
2015-03-11,,0.0,,,,,,,
2015-03-12,,0.0,,,,,,,
2015-03-13,,0.0,,,,,,,
2015-03-14,,0.0,,,,,,,
2015-03-15,,0.0,,,,,,,
2015-03-16,,0.0,,,,,,,
2015-03-17,,0.0,,,,,,,
2015-03-18,,0.0,,,,,,,
2015-03-19,,0.0,,,,,,,
2015-03-20,,0.0,,,,,,,
2015-03-21,,0.0,,,,,,,
2015-03-22,,0.0,,,,,,,
2015-03-23,,0.0,,,,,,,
2015-03-24,,0.0,,,,,,,
2015-03-25,,0.0,,,,,,,
2015-03-26,,0.0,,,,,,,
2015-03-27,,0.0,,,,,,,
2015-03-28,,0.0,,,,,,,
2015-03-29,,0.0,,,,,,,
2015-03-30,,0.0,,,,,,,
2015-03-31,,0.0,,,,,,,
2015-04-01,,0.0,,,,,,,
2015-04-02,,0.0,,,,,,,
2015-04-03,,0.0,,,,,,,
2015-04-04,,0.0,,,,,,,
2015-04-05,,0.0,,,,,,,
2015-04-06,,0.0,,,,,,,
2015-04-07,,0.0,,,,,,,
2015-04-08,,0.0,,,,,,,
2015-04-09,,0.0,,,,,,,
2015-04-10,,0.0,,,,,,,
2015-04-11,,0.0,,,,,,,
2015-04-12,,0.0,,,,,,,
2015-04-13,,0.0,,,,,,,
2015-04-14,,0.0,,,,,,,
2015-04-15,,0.0,,,,,,,
2015-04-16,,0.0,,,,,,,
2015-04-17,,0.0,,,,,,,
2015-04-18,,0.0,,,,,,,
2015-04-19,,0.0,,,,,,,
2015-04-20,,0.0,,,,,,,
2015-04-21,,0.0,,,,,,,
2015-04-22,,0.0,,,,,,,
2015-04-23,,0.0,,,,,,,
2015-04-24,,0.0,,,,,,,
2015-04-25,,0.0,,,,,,,
2015-04-26,,0.0,,,,,,,
2015-04-27,,0.0,,,,,,,
2015-04-28,,0.0,,,,,,,
2015-04-29,,0.0,,,,,,,
2015-04-30,,0.0,,,,,,,
2015-05-01,,0.0,,,,,,,
2015-05-02,,0.0,,,,,,,
2015-05-03,,0.0,,,,,,,
2015-05-04,,0.0,,,,,,,
2015-05-05,,0.0,,,,,,,
2015-05-06,,0.0,,,,,,,
2015-05-07,,0.0,,,,,,,
2015-05-08,,0.0,,,,,,,
2015-05-09,,0.0,,,,,,,
2015-05-10,,0.0,,,,,,,
2015-05-11,,0.0,,,,,,,
2015-05-12,,0.0,,,,,,,
2015-05-13,,0.0,,,,,,,
2015-05-14,,0.0,,,,,,,
2015-05-15,,0.0,,,,,,,
2015-05-16,,0.0,,,,,,,
2015-05-17,,0.0,,,,,,,
2015-05-18,,0.0,,,,,,,
2015-05-19,,0.0,,,,,,,
2015-05-20,,0.0,,,,,,,
2015-05-21,,0.0,,,,,,,
2015-05-22,,0.0,,,,,,,
2015-05-23,,0.0,,,,,,,
2015-05-24,,0.0,,,,,,,
2015-05-25,,0.0,,,,,,,
2015-05-26,,0.0,,,,,,,
2015-05-27,,0.0,,,,,,,
2015-05-28,,0.0,,,,,,,
2015-05-29,,0.0,,,,,,,
2015-05-30,,0.0,,,,,,,
2015-05-31,,0.0,,,,,,,
2015-06-01,,0.0,,,,,,,
2015-06-02,,0.0,,,,,,,
2015-06-03,,0.0,,,,,,,
2015-06-04,,0.0,,,,,,,
2015-06-05,,0.0,,,,,,,
2015-06-06,,0.0,,,,,,,
2015-06-07,,0.0,,,,,,,
2015-06-08,,0.0,,,,,,,
2015-06-09,,0.0,,,,,,,
2015-06-10,,0.0,,,,,,,
2015-06-11,,0.0,,,,,,,
2015-06-12,,0.0,,,,,,,
2015-06-13,,0.0,,,,,,,
2015-06-14,,0.0,,,,,,,
2015-06-15,,0.0,,,,,,,
2015-06-16,,0.0,,,,,,,
2015-06-17,,0.0,,,,,,,
2015-06-18,,0.0,,,,,,,
2015-06-19,,0.0,,,,,,,
2015-06-20,,0.0,,,,,,,
2015-06-21,,0.0,,,,,,,
2015-06-22,,0.0,,,,,,,
2015-06-23,,0.0,,,,,,,
2015-06-24,,0.0,,,,,,,
2015-06-25,,0.0,,,,,,,
2015-06-26,,0.0,,,,,,,
2015-06-27,,0.0,,,,,,,
2015-06-28,,0.0,,,,,,,
2015-06-29,,0.0,,,,,,,
2015-06-30,,0.0,,,,,,,
2015-07-01,,0.0,,,,,,,
2015-07-02,,0.0,,,,,,,
2015-07-03,,0.0,,,,,,,
2015-07-04,,0.0,,,,,,,
2015-07-05,,0.0,,,,,,,
2015-07-06,,0.0,,,,,,,
2015-07-07,,0.0,,,,,,,
2015-07-08,,0.0,,,,,,,
2015-07-09,,0.0,,,,,,,
2015-07-10,,0.0,,,,,,,
2015-07-11,,0.0,,,,,,,
2015-07-12,,0.0,,,,,,,
2015-07-13,,0.0,,,,,,,
2015-07-14,,0.0,,,,,,,
2015-07-15,,0.0,,,,,,,
2015-07-16,,0.0,,,,,,,
2015-07-17,,0.0,,,,,,,
2015-07-18,,0.0,,,,,,,
2015-07-19,,0.0,,,,,,,
2015-07-20,,0.0,,,,,,,
2015-07-21,,0.0,,,,,,,
2015-07-22,,0.0,,,,,,,
2015-07-23,,0.0,,,,,,,
2015-07-24,,0.0,,,,,,,
2015-07-25,,0.0,,,,,,,
2015-07-26,,0.0,,,,,,,
2015-07-27,,0.0,,,,,,,
2015-07-28,,0.0,,,,,,,
2015-07-29,,0.0,,,,,,,
2015-07-30,,0.0,,,,,,,
2015-07-31,,0.0,,,,,,,
2015-08-01,,0.0,,,,,,,
2015-08-02,,0.0,,,,,,,
2015-08-03,,0.0,,,,,,,
2015-08-04,,0.0,,,,,,,
2015-08-05,,0.0,,,,,,,
2015-08-06,,0.0,,,,,,,
2015-08-07,,0.0,,,,,,,
2015-08-08,,0.0,,,,,,,
2015-08-09,,0.0,,,,,,,
2015-08-10,,0.0,,,,,,,
2015-08-11,,0.0,,,,,,,
2015-08-12,,0.0,,,,,,,
2015-08-13,,0.0,,,,,,,
2015-08-14,,0.0,,,,,,,
2015-08-15,,0.0,,,,,,,
2015-08-16,,0.0,,,,,,,
2015-08-17,,0.0,,,,,,,
2015-08-18,,0.0,,,,,,,
2015-08-19,,0.0,,,,,,,
2015-08-20,,0.0,,,,,,,
2015-08-21,,0.0,,,,,,,
2015-08-22,,0.0,,,,,,,
2015-08-23,,0.0,,,,,,,
2015-08-24,,0.0,,,,,,,
2015-08-25,,0.0,,,,,,,
2015-08-26,,0.0,,,,,,,
2015-08-27,,0.0,,,,,,,
2015-08-28,,0.0,,,,,,,
2015-08-29,,0.0,,,,,,,
2015-08-30,,0.0,,,,,,,
2015-08-31,,0.0,,,,,,,
2015-09-01,,0.0,,,,,,,
2015-09-02,,0.0,,,,,,,
2015-09-03,,0.0,,,,,,,
2015-09-04,,0.0,,,,,,,
2015-09-05,,0.0,,,,,,,
2015-09-06,,0.0,,,,,,,
2015-09-07,,0.0,,,,,,,
2015-09-08,,0.0,,,,,,,
2015-09-09,,0.0,,,,,,,
2015-09-10,,0.0,,,,,,,
2015-09-11,,0.0,,,,,,,
2015-09-12,,0.0,,,,,,,
2015-09-13,,0.0,,,,,,,
2015-09-14,,0.0,,,,,,,
2015-09-15,,0.0,,,,,,,
2015-09-16,,0.0,,,,,,,
2015-09-17,,0.0,,,,,,,
2015-09-18,,0.0,,,,,,,
2015-09-19,,0.0,,,,,,,
2015-09-20,,0.0,,,,,,,
2015-09-21,,0.0,,,,,,,
2015-09-22,,0.0,,,,,,,
2015-09-23,,0.0,,,,,,,
2015-09-24,,0.0,,,,,,,
2015-09-25,,0.0,,,,,,,
2015-09-26,,0.0,,,,,,,
2015-09-27,,0.0,,,,,,,
2015-09-28,,0.0,,,,,,,
2015-09-29,,0.0,,,,,,,
2015-09-30,,0.0,,,,,,,
2015-10-01,,0.0,,,,,,,
2015-10-02,,0.0,,,,,,,
2015-10-03,,0.0,,,,,,,
2015-10-04,,0.0,,,,,,,
2015-10-05,,0.0,,,,,,,
2015-10-06,,0.0,,,,,,,
2015-10-07,,0.0,,,,,,,
2015-10-08,,0.0,,,,,,,
2015-10-09,,0.0,,,,,,,
2015-10-10,,0.0,,,,,,,
2015-10-11,,0.0,,,,,,,
2015-10-12,,0.0,,,,,,,
2015-10-13,,0.0,,,,,,,
2015-10-14,,0.0,,,,,,,
2015-10-15,,0.0,,,,,,,
2015-10-16,,0.0,,,,,,,
2015-10-17,,0.0,,,,,,,
2015-10-18,,0.0,,,,,,,
2015-10-19,,0.0,,,,,,,
2015-10-20,,0.0,,,,,,,
2015-10-21,,0.0,,,,,,,
2015-10-22,,0.0,,,,,,,
2015-10-23,,0.0,,,,,,,
2015-10-24,,0.0,,,,,,,
2015-10-25,,0.0,,,,,,,
2015-10-26,,0.0,,,,,,,
2015-10-27,,0.0,,,,,,,
2015-10-28,,0.0,,,,,,,
2015-10-29,,0.0,,,,,,,
2015-10-30,,0.0,,,,,,,
2015-10-31,,0.0,,,,,,,
2015-11-01,,0.0,,,,,,,
2015-11-02,,0.0,,,,,,,
2015-11-03,,0.0,,,,,,,
2015-11-04,,0.0,,,,,,,
2015-11-05,,0.0,,,,,,,
2015-11-06,,0.0,,,,,,,
2015-11-07,,0.0,,,,,,,
2015-11-08,,0.0,,,,,,,
2015-11-09,,0.0,,,,,,,
2015-11-10,,0.0,,,,,,,
2015-11-11,,0.0,,,,,,,
2015-11-12,,0.0,,,,,,,
2015-11-13,,0.0,,,,,,,
2015-11-14,,0.0,,,,,,,
2015-11-15,,0.0,,,,,,,
2015-11-16,,0.0,,,,,,,
2015-11-17,,0.0,,,,,,,
2015-11-18,,0.0,,,,,,,
2015-11-19,,0.0,,,,,,,
2015-11-20,,0.0,,,,,,,
2015-11-21,,0.0,,,,,,,
2015-11-22,,0.0,,,,,,,
2015-11-23,,0.0,,,,,,,
2015-11-24,,0.0,,,,,,,
2015-11-25,,0.0,,,,,,,
2015-11-26,,0.0,,,,,,,
2015-11-27,,0.0,,,,,,,
2015-11-28,,0.0,,,,,,,
2015-11-29,,0.0,,,,,,,
2015-11-30,,0.0,,,,,,,
2015-12-01,,0.0,,,,,,,
2015-12-02,,0.0,,,,,,,
2015-12-03,,0.0,,,,,,,
2015-12-04,,0.0,,,,,,,
2015-12-05,,0.0,,,,,,,
2015-12-06,,0.0,,,,,,,
2015-12-07,,0.0,,,,,,,
2015-12-08,,0.0,,,,,,,
2015-12-09,,0.0,,,,,,,
2015-12-10,,0.0,,,,,,,
2015-12-11,,0.0,,,,,,,
2015-12-12,,0.0,,,,,,,
2015-12-13,,0.0,,,,,,,
2015-12-14,,0.0,,,,,,,
2015-12-15,,0.0,,,,,,,
2015-12-16,,0.0,,,,,,,
2015-12-17,,0.0,,,,,,,
2015-12-18,,0.0,,,,,,,
2015-12-19,,0.0,,,,,,,
2015-12-20,,0.0,,,,,,,
2015-12-21,,0.0,,,,,,,
2015-12-22,,0.0,,,,,,,
2015-12-23,,0.0,,,,,,,
2015-12-24,,0.0,,,,,,,
2015-12-25,,0.0,,,,,,,
2015-12-26,,0.0,,,,,,,
2015-12-27,,0.0,,,,,,,
2015-12-28,,0.0,,,,,,,
2015-12-29,,0.0,,,,,,,
2015-12-30,,0.0,,,,,,,
2015-12-31,,0.0,,,,,,,
2016-01-01,,0.0,,,,,,,
2016-01-02,,0.0,,,,,,,
2016-01-03,,0.0,,,,,,,
2016-01-04,,0.0,,,,,,,
2016-01-05,,0.0,,,,,,,
2016-01-06,,0.0,,,,,,,
2016-01-07,,0.0,,,,,,,
2016-01-08,,0.0,,,,,,,
2016-01-09,,0.0,,,,,,,
2016-01-10,,0.0,,,,,,,
2016-01-11,,0.0,,,,,,,
2016-01-12,,0.0,,,,,,,
2016-01-13,,0.0,,,,,,,
2016-01-14,,0.0,,,,,,,
2016-01-15,,0.0,,,,,,,
2016-01-16,,0.0,,,,,,,
2016-01-17,,0.0,,,,,,,
2016-01-18,,0.0,,,,,,,
2016-01-19,,0.0,,,,,,,
2016-01-20,,0.0,,,,,,,
2016-01-21,,0.0,,,,,,,
2016-01-22,,0.0,,,,,,,
2016-01-23,,0.0,,,,,,,
2016-01-24,,0.0,,,,,,,
2016-01-25,,0.0,,,,,,,
2016-01-26,,0.0,,,,,,,
2016-01-27,,0.0,,,,,,,
2016-01-28,,0.0,,,,,,,
2016-01-29,,0.0,,,,,,,
2016-01-30,,0.0,,,,,,,
2016-01-31,,0.0,,,,,,,
2016-02-01,,0.0,,,,,,,
2016-02-02,,0.0,,,,,,,
2016-02-03,,0.0,,,,,,,
2016-02-04,,0.0,,,,,,,
2016-02-05,,0.0,,,,,,,
2016-02-06,,0.0,,,,,,,
2016-02-07,,0.0,,,,,,,
2016-02-08,,0.0,,,,,,,
2016-02-09,,0.0,,,,,,,
2016-02-10,,0.0,,,,,,,
2016-02-11,,0.0,,,,,,,
2016-02-12,,0.0,,,,,,,
2016-02-13,,0.0,,,,,,,
2016-02-14,,0.0,,,,,,,
2016-02-15,,0.0,,,,,,,
2016-02-16,,0.0,,,,,,,
2016-02-17,,0.0,,,,,,,
2016-02-18,,0.0,,,,,,,
2016-02-19,,0.0,,,,,,,
2016-02-20,,0.0,,,,,,,
2016-02-21,,0.0,,,,,,,
2016-02-22,,0.0,,,,,,,
2016-02-23,,0.0,,,,,,,
2016-02-24,,0.0,,,,,,,
2016-02-25,,0.0,,,,,,,
2016-02-26,,0.0,,,,,,,
2016-02-27,,0.0,,,,,,,
2016-02-28,,0.0,,,,,,,
2016-02-29,,0.0,,,,,,,
2016-03-01,,0.0,,,,,,,
2016-03-02,,0.0,,,,,,,
2016-03-03,,0.0,,,,,,,
2016-03-04,,0.0,,,,,,,
2016-03-05,,0.0,,,,,,,
2016-03-06,,0.0,,,,,,,
2016-03-07,,0.0,,,,,,,
2016-03-08,,0.0,,,,,,,
2016-03-09,,0.0,,,,,,,
2016-03-10,,0.0,,,,,,,
2016-03-11,,0.0,,,,,,,
2016-03-12,,0.0,,,,,,,
2016-03-13,,0.0,,,,,,,
2016-03-14,,0.0,,,,,,,
2016-03-15,,0.0,,,,,,,
2016-03-16,,0.0,,,,,,,
2016-03-17,,0.0,,,,,,,
2016-03-18,,0.0,,,,,,,
2016-03-19,,0.0,,,,,,,
2016-03-20,,0.0,,,,,,,
2016-03-21,,0.0,,,,,,,
2016-03-22,,0.0,,,,,,,
2016-03-23,,0.0,,,,,,,
2016-03-24,,0.0,,,,,,,
2016-03-25,,0.0,,,,,,,
2016-03-26,,0.0,,,,,,,
2016-03-27,,0.0,,,,,,,
2016-03-28,,0.0,,,,,,,
2016-03-29,,0.0,,,,,,,
2016-03-30,,0.0,,,,,,,
2016-03-31,,0.0,,,,,,,
2016-04-01,,0.0,,,,,,,
2016-04-02,,0.0,,,,,,,
2016-04-03,,0.0,,,,,,,
2016-04-04,,0.0,,,,,,,
2016-04-05,,0.0,,,,,,,
2016-04-06,,0.0,,,,,,,
2016-04-07,,0.0,,,,,,,
2016-04-08,,0.0,,,,,,,
2016-04-09,,0.0,,,,,,,
2016-04-10,,0.0,,,,,,,
2016-04-11,,0.0,,,,,,,
2016-04-12,,0.0,,,,,,,
2016-04-13,,0.0,,,,,,,
2016-04-14,,0.0,,,,,,,
2016-04-15,,0.0,,,,,,,
2016-04-16,,0.0,,,,,,,
2016-04-17,,0.0,,,,,,,
2016-04-18,,0.0,,,,,,,
2016-04-19,,0.0,,,,,,,
2016-04-20,,0.0,,,,,,,
2016-04-21,,0.0,,,,,,,
2016-04-22,,0.0,,,,,,,
2016-04-23,,0.0,,,,,,,
2016-04-24,,0.0,,,,,,,
2016-04-25,,0.0,,,,,,,
2016-04-26,,0.0,,,,,,,
2016-04-27,,0.0,,,,,,,
2016-04-28,,0.0,,,,,,,
2016-04-29,,0.0,,,,,,,
2016-04-30,,0.0,,,,,,,
2016-05-01,,0.0,,,,,,,
2016-05-02,,0.0,,,,,,,
2016-05-03,,0.0,,,,,,,
2016-05-04,,0.0,,,,,,,
2016-05-05,,0.0,,,,,,,
2016-05-06,,0.0,,,,,,,
2016-05-07,,0.0,,,,,,,
2016-05-08,,0.0,,,,,,,
2016-05-09,,0.0,,,,,,,
2016-05-10,,0.0,,,,,,,
2016-05-11,,0.0,,,,,,,
2016-05-12,,0.0,,,,,,,
2016-05-13,,0.0,,,,,,,
2016-05-14,,0.0,,,,,,,
2016-05-15,,0.0,,,,,,,
2016-05-16,,0.0,,,,,,,
2016-05-17,,0.0,,,,,,,
2016-05-18,,0.0,,,,,,,
2016-05-19,,0.0,,,,,,,
2016-05-20,,0.0,,,,,,,
2016-05-21,,0.0,,,,,,,
2016-05-22,,0.0,,,,,,,
2016-05-23,,0.0,,,,,,,
2016-05-24,,0.0,,,,,,,
2016-05-25,,0.0,,,,,,,
2016-05-26,,0.0,,,,,,,
2016-05-27,,0.0,,,,,,,
2016-05-28,,0.0,,,,,,,
2016-05-29,,0.0,,,,,,,
2016-05-30,,0.0,,,,,,,
2016-05-31,,0.0,,,,,,,
2016-06-01,,0.0,,,,,,,
2016-06-02,,0.0,,,,,,,
2016-06-03,,0.0,,,,,,,
2016-06-04,,0.0,,,,,,,
2016-06-05,,0.0,,,,,,,
2016-06-06,,0.0,,,,,,,
2016-06-07,,0.0,,,,,,,
2016-06-08,,0.0,,,,,,,
2016-06-09,,0.0,,,,,,,
2016-06-10,,0.0,,,,,,,
2016-06-11,,0.0,,,,,,,
2016-06-12,,0.0,,,,,,,
2016-06-13,,0.0,,,,,,,
2016-06-14,,0.0,,,,,,,
2016-06-15,,0.0,,,,,,,
2016-06-16,,0.0,,,,,,,
2016-06-17,,0.0,,,,,,,
2016-06-18,,0.0,,,,,,,
2016-06-19,,0.0,,,,,,,
2016-06-20,,0.0,,,,,,,
2016-06-21,,0.0,,,,,,,
2016-06-22,,,,,,,,,
2016-06-23,,,,,,,,,
2016-06-24,,0.0,,,,,,,
2016-06-25,,,,,,,,,
2016-06-26,,,,,,,,,
2016-06-27,,,,,,,,,
2016-06-28,,,,,,,,,
2016-06-29,,,,,,,,,
2016-06-30,,,,,,,,,
2016-07-01,,,,,,,,,
2016-07-02,,0.0,,,,,,,
2016-07-03,,0.0,,,,,,,
2016-07-04,,0.0,,,,,,,
2016-07-05,,0.0,,,,,,,
2016-07-06,,0.0,,,,,,,
2016-07-07,,0.0,,,,,,,
2016-07-08,,0.0,,,,,,,
2016-07-09,,0.0,,,,,,,
2016-07-10,,0.0,,,,,,,
2016-07-11,,0.0,,,,,,,
2016-07-12,,0.0,,,,,,,
2016-07-13,,0.0,,,,,,,
2016-07-14,,0.0,,,,,,,
2016-07-15,,0.0,,,,,,,
2016-07-16,,0.0,,,,,,,
2016-07-17,,0.0,,,,,,,
2016-07-18,,0.0,,,,,,,
2016-07-19,,0.0,,,,,,,
2016-07-20,,0.0,,,,,,,
2016-07-21,,0.0,,,,,,,
2016-07-22,,0.0,,,,,,,
2016-07-23,,0.0,,,,,,,
2016-07-24,,0.0,,,,,,,
2016-07-25,,0.0,,,,,,,
2016-07-26,,0.0,,,,,,,
2016-07-27,,0.0,,,,,,,
2016-07-28,,0.0,,,,,,,
2016-07-29,,0.0,,,,,,,
2016-07-30,,0.0,,,,,,,
2016-07-31,,0.0,,,,,,,
2016-08-01,,0.0,,,,,,,
2016-08-02,,0.0,,,,,,,
2016-08-03,,0.0,,,,,,,
2016-08-04,,0.0,,,,,,,
2016-08-05,,0.0,,,,,,,
2016-08-06,,0.0,,,,,,,
2016-08-07,,0.0,,,,,,,
2016-08-08,,0.0,,,,,,,
2016-08-09,,0.0,,,,,,,
2016-08-10,,0.0,,,,,,,
2016-08-11,,0.0,,,,,,,
2016-08-12,,0.0,,,,,,,
2016-08-13,,0.0,,,,,,,
2016-08-14,,0.0,,,,,,,
2016-08-15,,0.0,,,,,,,
2016-08-16,,0.0,,,,,,,
2016-08-17,,0.0,,,,,,,
2016-08-18,,0.0,,,,,,,
2016-08-19,,0.0,,,,,,,
2016-08-20,,0.0,,,,,,,
2016-08-21,,0.0,,,,,,,
2016-08-22,,0.0,,,,,,,
2016-08-23,,0.0,,,,,,,
2016-08-24,,0.0,,,,,,,
2016-08-25,,0.0,,,,,,,
2016-08-26,,0.0,,,,,,,
2016-08-27,,0.0,,,,,,,
2016-08-28,,0.0,,,,,,,
2016-08-29,,0.0,,,,,,,
2016-08-30,,0.0,,,,,,,
2016-08-31,,0.0,,,,,,,
2016-09-01,,0.0,,,,,,,
2016-09-02,,0.0,,,,,,,
2016-09-03,,0.0,,,,,,,
2016-09-04,,0.0,,,,,,,
2016-09-05,,0.0,,,,,,,
2016-09-06,,0.0,,,,,,,
2016-09-07,,0.0,,,,,,,
2016-09-08,,0.0,,,,,,,
2016-09-09,,0.0,,,,,,,
2016-09-10,,0.0,,,,,,,
2016-09-11,,0.0,,,,,,,
2016-09-12,,0.0,,,,,,,
2016-09-13,,0.0,,,,,,,
2016-09-14,,0.0,,,,,,,
2016-09-15,,0.0,,,,,,,
2016-09-16,,0.0,,,,,,,
2016-09-17,,0.0,,,,,,,
2016-09-18,,0.0,,,,,,,
2016-09-19,,0.0,,,,,,,
2016-09-20,,0.0,,,,,,,
2016-09-21,,0.0,,,,,,,
2016-09-22,,0.0,,,,,,,
2016-09-23,,0.0,,,,,,,
2016-09-24,,0.0,,,,,,,
2016-09-25,,0.0,,,,,,,
2016-09-26,,0.0,,,,,,,
2016-09-27,,0.0,,,,,,,
2016-09-28,,0.0,,,,,,,
2016-09-29,,0.0,,,,,,,
2016-09-30,,0.0,,,,,,,
2016-10-01,,0.0,,,,,,,
2016-10-02,,0.0,,,,,,,
2016-10-03,,0.0,,,,,,,
2016-10-04,,0.0,,,,,,,
2016-10-05,,0.0,,,,,,,
2016-10-06,,0.0,,,,,,,
2016-10-07,,0.0,,,,,,,
2016-10-08,,0.0,,,,,,,
2016-10-09,,0.0,,,,,,,
2016-10-10,,0.0,,,,,,,
2016-10-11,,0.0,,,,,,,
2016-10-12,,0.0,,,,,,,
2016-10-13,,0.0,,,,,,,
2016-10-14,,0.0,,,,,,,
2016-10-15,,0.0,,,,,,,
2016-10-16,,0.0,,,,,,,
2016-10-17,,0.0,,,,,,,
2016-10-18,,0.0,,,,,,,
2016-10-19,,0.0,,,,,,,
2016-10-20,,0.0,,,,,,,
2016-10-21,,0.0,,,,,,,
2016-10-22,,0.0,,,,,,,
2016-10-23,,0.0,,,,,,,
2016-10-24,,0.0,,,,,,,
2016-10-25,,0.0,,,,,,,
2016-10-26,,0.0,,,,,,,
2016-10-27,,0.0,,,,,,,
2016-10-28,,0.0,,,,,,,
2016-10-29,,0.0,,,,,,,
2016-10-30,,0.0,,,,,,,
2016-10-31,,0.0,,,,,,,
2016-11-01,,0.0,,,,,,,
2016-11-02,,0.0,,,,,,,
2016-11-03,,0.0,,,,,,,
2016-11-04,,0.0,,,,,,,
2016-11-05,,0.0,,,,,,,
2016-11-06,,0.0,,,,,,,
2016-11-07,,0.0,,,,,,,
2016-11-08,,0.0,,,,,,,
2016-11-09,,0.0,,,,,,,
2016-11-10,,0.0,,,,,,,
2016-11-11,,0.0,,,,,,,
2016-11-12,,0.0,,,,,,,
2016-11-13,,0.0,,,,,,,
2016-11-14,,0.0,,,,,,,
2016-11-15,,0.0,,,,,,,
2016-11-16,,0.0,,,,,,,
2016-11-17,,0.0,,,,,,,
2016-11-18,,0.0,,,,,,,
2016-11-19,,0.0,,,,,,,
2016-11-20,,0.0,,,,,,,
2016-11-21,,0.0,,,,,,,
2016-11-22,,0.0,,,,,,,
2016-11-23,,0.0,,,,,,,
2016-11-24,,0.0,,,,,,,
2016-11-25,,0.0,,,,,,,
2016-11-26,,0.0,,,,,,,
2016-11-27,,0.0,,,,,,,
2016-11-28,,0.0,,,,,,,
2016-11-29,,0.0,,,,,,,
2016-11-30,,0.0,,,,,,,
2016-12-01,,0.0,,,,,,,
2016-12-02,,0.0,,,,,,,
2016-12-03,,0.0,,,,,,,
2016-12-04,,0.0,,,,,,,
2016-12-05,,0.0,,,,,,,
2016-12-06,,0.0,,,,,,,
2016-12-07,,0.0,,,,,,,
2016-12-08,,0.0,,,,,,,
2016-12-09,,0.0,,,,,,,
2016-12-10,,0.0,,,,,,,
2016-12-11,,0.0,,,,,,,
2016-12-12,,0.0,,,,,,,
2016-12-13,,0.0,,,,,,,
2016-12-14,,0.0,,,,,,,
2016-12-15,,0.0,,,,,,,
2016-12-16,,0.0,,,,,,,
2016-12-17,,0.0,,,,,,,
2016-12-18,,0.0,,,,,,,
2016-12-19,,0.0,,,,,,,
2016-12-20,,0.0,,,,,,,
2016-12-21,,0.0,,,,,,,
2016-12-22,,0.0,,,,,,,
2016-12-23,,0.0,,,,,,,
2016-12-24,,0.0,,,,,,,
2016-12-25,,0.0,,,,,,,
2016-12-26,,0.0,,,,,,,
2016-12-27,,0.0,,,,,,,
2016-12-28,,0.0,,,,,,,
2016-12-29,,0.0,,,,,,,
2016-12-30,,0.0,,,,,,,
2016-12-31,,0.0,,,,,,,
2017-01-01,,0.0,,,,,,,
2017-01-02,,0.0,,,,,,,
2017-01-03,,0.0,,,,,,,
2017-01-04,,0.0,,,,,,,
2017-01-05,,0.0,,,,,,,
2017-01-06,,0.0,,,,,,,
2017-01-07,,0.0,,,,,,,
2017-01-08,,0.0,,,,,,,
2017-01-09,,0.0,,,,,,,
2017-01-10,,0.0,,,,,,,
2017-01-11,,0.0,,,,,,,
2017-01-12,,0.0,,,,,,,
2017-01-13,,0.0,,,,,,,
2017-01-14,,0.0,,,,,,,
2017-01-15,,0.0,,,,,,,
2017-01-16,,0.0,,,,,,,
2017-01-17,,0.0,,,,,,,
2017-01-18,,0.0,,,,,,,
2017-01-19,,0.0,,,,,,,
2017-01-20,,0.0,,,,,,,
2017-01-21,,0.0,,,,,,,
2017-01-22,,0.0,,,,,,,
2017-01-23,,0.0,,,,,,,
2017-01-24,,0.0,,,,,,,
2017-01-25,,0.0,,,,,,,
2017-01-26,,0.0,,,,,,,
2017-01-27,,0.0,,,,,,,
2017-01-28,,0.0,,,,,,,
2017-01-29,,0.0,,,,,,,
2017-01-30,,0.0,,,,,,,
2017-01-31,,0.0,,,,,,,
2017-02-01,,0.0,,,,,,,
2017-02-02,,0.0,,,,,,,
2017-02-03,,0.0,,,,,,,
2017-02-04,,0.0,,,,,,,
2017-02-05,,0.0,,,,,,,
2017-02-06,,0.0,,,,,,,
2017-02-07,,0.0,,,,,,,
2017-02-08,,0.0,,,,,,,
2017-02-09,,0.0,,,,,,,
2017-02-10,,0.0,,,,,,,
2017-02-11,,0.0,,,,,,,
2017-02-12,,0.0,,,,,,,
2017-02-13,,0.0,,,,,,,
2017-02-14,,0.0,,,,,,,
2017-02-15,,0.0,,,,,,,
2017-02-16,,0.0,,,,,,,
2017-02-17,,0.0,,,,,,,
2017-02-18,,0.0,,,,,,,
2017-02-19,,0.0,,,,,,,
2017-02-20,,0.0,,,,,,,
2017-02-21,,0.0,,,,,,,
2017-02-22,,0.0,,,,,,,
2017-02-23,,0.0,,,,,,,
2017-02-24,,0.0,,,,,,,
2017-02-25,,0.0,,,,,,,
2017-02-26,,0.0,,,,,,,
2017-02-27,,0.0,,,,,,,
2017-02-28,,0.0,,,,,,,
2017-03-01,,0.0,,,,,,,
2017-03-02,,0.0,,,,,,,
2017-03-03,,0.0,,,,,,,
2017-03-04,,0.0,,,,,,,
2017-03-05,,0.0,,,,,,,
2017-03-06,,0.0,,,,,,,
2017-03-07,,0.0,,,,,,,
2017-03-08,,0.0,,,,,,,
2017-03-09,,0.0,,,,,,,
2017-03-10,,0.0,,,,,,,
2017-03-11,,0.0,,,,,,,
2017-03-12,,0.0,,,,,,,
2017-03-13,,0.0,,,,,,,
2017-03-14,,0.0,,,,,,,
2017-03-15,,0.0,,,,,,,
2017-03-16,,0.0,,,,,,,
2017-03-17,,0.0,,,,,,,
2017-03-18,,0.0,,,,,,,
2017-03-19,,0.0,,,,,,,
2017-03-20,,0.0,,,,,,,
2017-03-21,,0.0,,,,,,,
2017-03-22,,0.0,,,,,,,
2017-03-23,,0.0,,,,,,,
2017-03-24,,0.0,,,,,,,
2017-03-25,,0.0,,,,,,,
2017-03-26,,0.0,,,,,,,
2017-03-27,,0.0,,,,,,,
2017-03-28,,0.0,,,,,,,
2017-03-29,,0.0,,,,,,,
2017-03-30,,0.0,,,,,,,
2017-03-31,,0.0,,,,,,,
2017-04-01,,0.0,,,,,,,
2017-04-02,,0.0,,,,,,,
2017-04-03,,0.0,,,,,,,
2017-04-04,,0.0,,,,,,,
2017-04-05,,0.0,,,,,,,
2017-04-06,,0.0,,,,,,,
2017-04-07,,0.0,,,,,,,
2017-04-08,,0.0,,,,,,,
2017-04-09,,0.0,,,,,,,
2017-04-10,,0.0,,,,,,,
2017-04-11,,0.0,,,,,,,
2017-04-12,,0.0,,,,,,,
2017-04-13,,0.0,,,,,,,
2017-04-14,,0.0,,,,,,,
2017-04-15,,0.0,,,,,,,
2017-04-16,,0.0,,,,,,,
2017-04-17,,0.0,,,,,,,
2017-04-18,,0.0,,,,,,,
2017-04-19,,0.0,,,,,,,
2017-04-20,,0.0,,,,,,,
2017-04-21,,0.0,,,,,,,
2017-04-22,,0.0,,,,,,,
2017-04-23,,0.0,,,,,,,
2017-04-24,,0.0,,,,,,,
2017-04-25,,0.0,,,,,,,
2017-04-26,,0.0,,,,,,,
2017-04-27,,0.0,,,,,,,
2017-04-28,,0.0,,,,,,,
2017-04-29,,0.0,,,,,,,
2017-04-30,,0.0,,,,,,,
2017-05-01,,0.0,,,,,,,
2017-05-02,,0.0,,,,,,,
2017-05-03,,0.0,,,,,,,
2017-05-04,,0.0,,,,,,,
2017-05-05,,0.0,,,,,,,
2017-05-06,,0.0,,,,,,,
2017-05-07,,0.0,,,,,,,
2017-05-08,,0.0,,,,,,,
2017-05-09,,0.0,,,,,,,
2017-05-10,,0.0,,,,,,,
2017-05-11,,0.0,,,,,,,
2017-05-12,,0.0,,,,,,,
2017-05-13,,0.0,,,,,,,
2017-05-14,,0.0,,,,,,,
2017-05-15,,0.0,,,,,,,
2017-05-16,,0.0,,,,,,,
2017-05-17,,0.0,,,,,,,
2017-05-18,,0.0,,,,,,,
2017-05-19,,0.0,,,,,,,
2017-05-20,,0.0,,,,,,,
2017-05-21,,0.0,,,,,,,
2017-05-22,,0.0,,,,,,,
2017-05-23,,0.0,,,,,,,
2017-05-24,,0.0,,,,,,,
2017-05-25,,0.0,,,,,,,
2017-05-26,,0.0,,,,,,,
2017-05-27,,0.0,,,,,,,
2017-05-28,,0.0,,,,,,,
2017-05-29,,0.0,,,,,,,
2017-05-30,,0.0,,,,,,,
2017-05-31,,0.0,,,,,,,
2017-06-01,,0.0,,,,,,,
2017-06-02,,0.0,,,,,,,
2017-06-03,,0.0,,,,,,,
2017-06-04,,0.0,,,,,,,
2017-06-05,,0.0,,,,,,,
2017-06-06,,0.0,,,,,,,
2017-06-07,,0.0,,,,,,,
2017-06-08,,0.0,,,,,,,
2017-06-09,,0.0,,,,,,,
2017-06-10,,0.0,,,,,,,
2017-06-11,,0.0,,,,,,,
2017-06-12,,0.0,,,,,,,
2017-06-13,,0.0,,,,,,,
2017-06-14,,0.0,,,,,,,
2017-06-15,,0.0,,,,,,,
2017-06-16,,0.0,,,,,,,
2017-06-17,,0.0,,,,,,,
2017-06-18,,0.0,,,,,,,
2017-06-19,,0.0,,,,,,,
2017-06-20,,0.0,,,,,,,
2017-06-21,,0.0,,,,,,,
2017-06-22,,0.0,,,,,,,
2017-06-23,,0.0,,,,,,,
2017-06-24,,0.0,,,,,,,
2017-06-25,,0.0,,,,,,,
2017-06-26,,0.0,,,,,,,
2017-06-27,,0.0,,,,,,,
2017-06-28,,0.0,,,,,,,
2017-06-29,,0.0,,,,,,,
2017-06-30,,0.0,,,,,,,
2017-07-01,,0.0,,,,,,,
2017-07-02,,0.0,,,,,,,
2017-07-03,,0.0,,,,,,,
2017-07-04,,0.0,,,,,,,
2017-07-05,,0.0,,,,,,,
2017-07-06,,0.0,,,,,,,
2017-07-07,,0.0,,,,,,,
2017-07-08,,0.0,,,,,,,
2017-07-09,,0.0,,,,,,,
2017-07-10,,0.0,,,,,,,
2017-07-11,,0.0,,,,,,,
2017-07-12,,0.0,,,,,,,
2017-07-13,,0.0,,,,,,,
2017-07-14,,0.0,,,,,,,
2017-07-15,,0.0,,,,,,,
2017-07-16,,0.0,,,,,,,
2017-07-17,,0.0,,,,,,,
2017-07-18,,0.0,,,,,,,
2017-07-19,,0.0,,,,,,,
2017-07-20,,0.0,,,,,,,
2017-07-21,,0.0,,,,,,,
2017-07-22,,0.0,,,,,,,
2017-07-23,,0.0,,,,,,,
2017-07-24,,0.0,,,,,,,
2017-07-25,,0.0,,,,,,,
2017-07-26,,0.0,,,,,,,
2017-07-27,,0.0,,,,,,,
2017-07-28,,0.0,,,,,,,
2017-07-29,,0.0,,,,,,,
2017-07-30,,0.0,,,,,,,
2017-07-31,,0.0,,,,,,,
2017-08-01,,0.0,,,,,,,
2017-08-02,,0.0,,,,,,,
2017-08-03,,0.0,,,,,,,
2017-08-04,,0.0,,,,,,,
2017-08-05,,0.0,,,,,,,
2017-08-06,,0.0,,,,,,,
2017-08-07,,0.0,,,,,,,
2017-08-08,,0.0,,,,,,,
2017-08-09,,0.0,,,,,,,
2017-08-10,,0.0,,,,,,,
2017-08-11,,0.0,,,,,,,
2017-08-12,,0.0,,,,,,,
2017-08-13,,0.0,,,,,,,
2017-08-14,,0.0,,,,,,,
2017-08-15,,0.0,,,,,,,
2017-08-16,,0.0,,,,,,,
2017-08-17,,0.0,,,,,,,
2017-08-18,,0.0,,,,,,,
2017-08-19,,0.0,,,,,,,
2017-08-20,,0.0,,,,,,,
2017-08-21,,0.0,,,,,,,
2017-08-22,,0.0,,,,,,,
2017-08-23,,0.0,,,,,,,
2017-08-24,,0.0,,,,,,,
2017-08-25,,0.0,,,,,,,
2017-08-26,,0.0,,,,,,,
2017-08-27,,0.0,,,,,,,
2017-08-28,,0.0,,,,,,,
2017-08-29,,0.0,,,,,,,
2017-08-30,,0.0,,,,,,,
2017-08-31,,0.0,,,,,,,
2017-09-01,,0.0,,,,,,,
2017-09-02,,0.0,,,,,,,
2017-09-03,,0.0,,,,,,,
2017-09-04,,0.0,,,,,,,
2017-09-05,,0.0,,,,,,,
2017-09-06,,0.0,,,,,,,
2017-09-07,,0.0,,,,,,,
2017-09-08,,0.0,,,,,,,
2017-09-09,,0.0,,,,,,,
2017-09-10,,0.0,,,,,,,
2017-09-11,,0.0,,,,,,,
2017-09-12,,0.0,,,,,,,
2017-09-13,,0.0,,,,,,,
2017-09-14,,0.0,,,,,,,
2017-09-15,,0.0,,,,,,,
2017-09-16,,0.0,,,,,,,
2017-09-17,,0.0,,,,,,,
2017-09-18,,0.0,,,,,,,
2017-09-19,,0.0,,,,,,,
2017-09-20,,0.0,,,,,,,
2017-09-21,,0.0,,,,,,,
2017-09-22,,0.0,,,,,,,
2017-09-23,,0.0,,,,,,,
2017-09-24,,0.0,,,,,,,
2017-09-25,,0.0,,,,,,,
2017-09-26,,0.0,,,,,,,
2017-09-27,,0.0,,,,,,,
2017-09-28,,0.0,,,,,,,
2017-09-29,,0.0,,,,,,,
2017-09-30,,0.0,,,,,,,
2017-10-01,,0.0,,,,,,,
2017-10-02,,0.0,,,,,,,
2017-10-03,,0.0,,,,,,,
2017-10-04,,0.0,,,,,,,
2017-10-05,,0.0,,,,,,,
2017-10-06,,0.0,,,,,,,
2017-10-07,,0.0,,,,,,,
2017-10-08,,0.0,,,,,,,
2017-10-09,,0.0,,,,,,,
2017-10-10,,0.0,,,,,,,
2017-10-11,,0.0,,,,,,,
2017-10-12,,0.0,,,,,,,
2017-10-13,,0.0,,,,,,,
2017-10-14,,0.0,,,,,,,
2017-10-15,,0.0,,,,,,,
2017-10-16,,0.0,,,,,,,
2017-10-17,,0.0,,,,,,,
2017-10-18,,0.0,,,,,,,
2017-10-19,,0.0,,,,,,,
2017-10-20,,0.0,,,,,,,
2017-10-21,,0.0,,,,,,,
2017-10-22,,0.0,,,,,,,
2017-10-23,,0.0,,,,,,,
2017-10-24,,0.0,,,,,,,
2017-10-25,,0.0,,,,,,,
2017-10-26,,0.0,,,,,,,
2017-10-27,,0.0,,,,,,,
2017-10-28,,0.0,,,,,,,
2017-10-29,,0.0,,,,,,,
2017-10-30,,0.0,,,,,,,
2017-10-31,,0.0,,,,,,,
2017-11-01,,0.0,,,,,,,
2017-11-02,,0.0,,,,,,,
2017-11-03,,0.0,,,,,,,
2017-11-04,,0.0,,,,,,,
2017-11-05,,0.0,,,,,,,
2017-11-06,,0.0,,,,,,,
2017-11-07,,0.0,,,,,,,
2017-11-08,,0.0,,,,,,,
2017-11-09,,0.0,,,,,,,
2017-11-10,,0.0,,,,,,,
2017-11-11,,0.0,,,,,,,
2017-11-12,,0.0,,,,,,,
2017-11-13,,0.0,,,,,,,
2017-11-14,,0.0,,,,,,,
2017-11-15,,0.0,,,,,,,
2017-11-16,,0.0,,,,,,,
2017-11-17,,0.0,,,,,,,
2017-11-18,,0.0,,,,,,,
2017-11-19,,0.0,,,,,,,
2017-11-20,,0.0,,,,,,,
2017-11-21,,0.0,,,,,,,
2017-11-22,,0.0,,,,,,,
2017-11-23,,0.0,,,,,,,
2017-11-24,,0.0,,,,,,,
2017-11-25,,0.0,,,,,,,
2017-11-26,,0.0,,,,,,,
2017-11-27,,0.0,,,,,,,
2017-11-28,,0.0,,,,,,,
2017-11-29,,0.0,,,,,,,
2017-11-30,,0.0,,,,,,,
2017-12-01,,0.0,,,,,,,
2017-12-02,,0.0,,,,,,,
2017-12-03,,0.0,,,,,,,
2017-12-04,,0.0,,,,,,,
2017-12-05,,0.0,,,,,,,
2017-12-06,,0.0,,,,,,,
2017-12-07,,0.0,,,,,,,
2017-12-08,,0.0,,,,193.86,,,
2017-12-09,,0.0,,,,,,,
2017-12-10,,0.0,,,,,,,
2017-12-11,,0.0,,,,,,,
2017-12-12,,0.0,,,,,,,
2017-12-13,,0.0,,,,,,,
2017-12-14,,0.0,,,,,,,
2017-12-15,,0.0,,,,,,,
2017-12-16,,0.0,,,,,,,
2017-12-17,,0.0,,,,,,,
2017-12-18,,0.0,,,,,,,
2017-12-19,,0.0,,,,,,,
2017-12-20,,0.0,,,,,,,
2017-12-21,,0.0,,,,,,,
2017-12-22,,0.0,,,,,,,
2017-12-23,,0.0,,,,3.62,,,
2017-12-24,,0.0,,,,,,,
2017-12-25,,0.0,,,,,,,
2017-12-26,,0.0,,,,,,,
2017-12-27,,0.0,,,,,,,
2017-12-28,,0.0,,,,,,,
2017-12-29,,0.0,,,17.24,,,,
2017-12-30,,0.0,,,,,,,
2017-12-31,,0.0,,,,,,,
2018-01-01,,0.28,,,,,,,
2018-01-02,,1.64,,,,,,,
2018-01-03,,3.64,,,,,,,
2018-01-04,,3.55,,,,,,,
2018-01-05,,2.68,,,,,,,
2018-01-06,,2.97,,,,,,,
2018-01-07,,2.62,,,,,,,
2018-01-08,,2.49,,,,,,,
2018-01-09,,2.14,,,,,,,
2018-01-10,,2.43,,,,,,,
2018-01-11,,2.13,,,,,,,
2018-01-12,,2.16,,,,,,,
2018-01-13,,1.93,,,,,,,
2018-01-14,,2.12,,,,,,,
2018-01-15,,2.53,,,,,,,
2018-01-16,,1.96,123.26,,,,,,
2018-01-17,,1.46,133.25,,,,,,
2018-01-18,,1.22,,,,,,,
2018-01-19,,1.42,,,,,,,
2018-01-20,,1.16,,,,,,,
2018-01-21,,1.29,,,,,,,
2018-01-22,,1.3,42.38,,,,,,
2018-01-23,,0.83,,,,,,,
2018-01-24,,0.1,,,,,,,
2018-01-25,,0.0,,,,,,,
2018-01-26,,0.0,,,,,,,
2018-01-27,,0.0,,,,,,,
2018-01-28,,0.0,,,,,,,
2018-01-29,,0.0,,,,,,,
2018-01-30,,0.0,,,,,,,
2018-01-31,,0.0,,,,,,,
2018-02-01,,1.4,,,,,,,
2018-02-02,,1.3,,,3.77,,,,
2018-02-03,,1.06,,,,,,,
2018-02-04,,1.79,,,95.71,,,,
2018-02-05,,1.59,,,,,,,
2018-02-06,,1.69,,,,,,,
2018-02-07,,1.62,,,,,,,
2018-02-08,,1.6,,,,,,,
2018-02-09,,1.37,,,,,,,
2018-02-10,,1.54,,,,,,,
2018-02-11,,1.33,,,,,,,
2018-02-12,,1.04,,,,,,,
2018-02-13,,1.41,,,,,,,
2018-02-14,,1.5,,,4.23,,,,
2018-02-15,,1.01,,,,,,,
2018-02-16,,0.96,,,,,,,
2018-02-17,,0.99,,,,,,,
2018-02-18,,0.98,,,,,,,
2018-02-19,,1.08,,,,,,,
2018-02-20,,1.18,,,66.1,68.43,,,
2018-02-21,,1.2,,,64.74,,,,
2018-02-22,,1.53,202.14,,,,,,
2018-02-23,,1.37,,,,,,,
2018-02-24,,1.55,151.34,,,,,,
2018-02-25,,1.71,195.15,,,,,,
2018-02-26,,1.65,127.13,,,,,,
2018-02-27,,1.81,,8.94,,,,,
2018-02-28,,1.93,42.81,,7.09,,,,
2018-03-01,,1.97,39.08,,,,,,
2018-03-02,,2.07,,,,,,,
2018-03-03,,1.88,,,,,,,
2018-03-04,,1.7,,,,,,,
2018-03-05,,1.7,,,,,,,
2018-03-06,,1.78,,,,,,,
2018-03-07,,1.72,,,,,,,
2018-03-08,,1.73,,,,,,,
2018-03-09,,1.8,,,,,,,
2018-03-10,,1.74,,,,,,,
2018-03-11,,1.86,61.16,,,,,,
2018-03-12,,1.67,100.18,,,,,,
2018-03-13,,1.34,,,,,,,
2018-03-14,,1.26,,,145.42,,,,
2018-03-15,,1.31,,,,,,,
2018-03-16,,1.5,,,3.36,,,,
2018-03-17,,1.48,,,,,,,
2018-03-18,,1.36,,,,,,,
2018-03-19,,1.4,,,,,,,
2018-03-20,,1.44,,,,,,,
2018-03-21,,1.53,,,,,,,
2018-03-22,,1.91,,,,,,,
2018-03-23,,1.72,,,,,,,
2018-03-24,,1.7,,,,,,,
2018-03-25,,1.67,,,,,,,
2018-03-26,,1.66,,,,164.37,,,
2018-03-27,,1.05,,,,,,,
2018-03-28,,1.36,,,,,,,
2018-03-29,,1.17,,,,,,,
2018-03-30,,1.11,,,,,,,
2018-03-31,,1.1,,,,,,,
2018-04-01,,1.37,,,30.84,,,,
2018-04-02,,1.27,,,90.35,,,,
2018-04-03,,1.32,,,,,,,
2018-04-04,,1.16,,,,,,,
2018-04-05,,1.23,,,,,,,
2018-04-06,,1.29,,,,,,,
2018-04-07,,1.29,,,,,,,
2018-04-08,,1.44,,,,,,,
2018-04-09,,1.55,,,,,,,
2018-04-10,,1.36,,,,,,,
2018-04-11,,1.37,,,,,,,
2018-04-12,,1.31,,,3.92,11.18,,,
2018-04-13,,1.34,,,,,,,
2018-04-14,,1.32,,,,,,,
2018-04-15,,1.28,,,,,,,
2018-04-16,,1.29,,,,,,,
2018-04-17,,1.44,,,,,,,
2018-04-18,,1.44,,,,,,,
2018-04-19,,1.47,,,,,,,
2018-04-20,,1.37,,,,,,,
2018-04-21,,1.48,,,,,,,
2018-04-22,,,,,,,,,
2018-04-23,,,,,,,,,
2018-04-24,,0.0,,,,,,,
2018-04-25,,1.83,18.99,,41.42,,,,
2018-04-26,,1.96,73.45,20.08,46.37,30.86,25.5,58.53,
2018-04-27,,,,,,,,,
2018-04-28,,,,,,,,,
2018-04-29,,,,,,,,,
2018-04-30,,,,,,,,,
2018-05-01,,,,,,,,,
2018-05-02,,,,,,,,,
2018-05-03,,,,,,,,,
2018-05-04,,,,,,,,,
2018-05-05,,,,,,,,,
2018-05-06,,1.29,16.21,17.31,43.73,25.48,16.74,,
2018-05-07,73.0,1.3,23.53,22.6,34.0,22.0,18.44,,
2018-05-08,82.0,1.36,34.2,29.98,35.44,19.58,18.07,48.8,
2018-05-09,84.0,1.35,34.5,28.9,35.91,18.59,18.55,62.07,
2018-05-10,77.0,1.3,22.38,23.46,37.26,21.3,22.57,67.03,
2018-05-11,73.0,1.26,21.08,25.71,36.59,24.83,23.57,71.8,
2018-05-12,86.0,1.23,15.99,20.17,33.41,25.71,31.18,91.26,
2018-05-13,90.0,1.36,36.41,30.02,39.09,21.32,24.22,79.1,
2018-05-14,70.0,1.25,16.06,18.5,36.71,22.25,21.81,44.13,
2018-05-15,64.0,1.22,15.19,18.23,35.06,20.01,14.93,52.51,
2018-05-16,64.0,1.21,15.68,20.33,30.81,20.6,17.86,45.85,
2018-05-17,66.0,1.25,14.94,18.24,40.12,15.89,24.73,74.2,
2018-05-18,85.0,1.27,26.7,28.27,39.23,20.46,24.09,72.98,
2018-05-19,83.0,1.32,25.5,23.79,34.83,24.61,23.97,88.35,
2018-05-20,90.0,1.34,26.5,21.97,45.24,22.61,20.7,81.14,
2018-05-21,76.0,1.27,14.42,19.69,43.26,24.7,19.01,79.33,
2018-05-22,90.0,1.32,22.2,25.23,44.85,22.67,21.85,89.75,
2018-05-23,81.0,1.31,14.02,15.9,53.32,23.83,24.32,93.09,
2018-05-24,92.0,1.19,,,50.68,20.43,22.76,88.41,
2018-05-25,75.0,1.06,,,49.28,20.99,15.38,56.32,
2018-05-26,51.0,1.09,,,50.69,22.34,18.58,66.74,
2018-05-27,61.0,1.23,,,159.18,26.74,15.53,18.64,
2018-05-28,118.0,1.14,,,91.34,23.07,17.17,,
2018-05-29,115.0,1.16,,,72.08,19.44,22.54,,
2018-05-30,83.0,1.16,,,58.76,20.83,18.79,,
2018-05-31,69.0,1.18,,,50.01,20.35,20.14,,
2018-06-01,75.0,1.2,,,37.89,17.29,24.8,,
2018-06-02,84.0,1.46,,,45.83,20.91,19.38,,
2018-06-03,98.0,1.74,,,43.54,25.18,18.68,,
2018-06-04,82.0,1.46,,,41.12,24.02,19.98,,
2018-06-05,105.0,1.62,,,41.46,25.77,26.85,,
2018-06-06,77.0,1.07,,,52.91,27.29,17.66,,
2018-06-07,78.0,1.28,,,39.81,27.62,45.54,,
2018-06-08,86.0,1.26,,,38.99,26.8,17.79,,
2018-06-09,72.0,1.43,,,42.27,30.11,19.26,,
2018-06-10,,1.04,,,45.84,26.72,6.2,,
2018-06-11,55.0,1.0,,,41.42,26.73,12.89,,
2018-06-12,56.0,1.05,,,45.42,26.76,18.02,,
2018-06-13,56.0,1.03,,,41.43,24.88,16.97,,
2018-06-14,59.0,1.05,,,36.74,21.68,19.16,,
2018-06-15,77.0,1.1,,,33.69,22.22,19.64,,
2018-06-16,101.0,1.44,,,32.68,29.82,17.02,57.08,
2018-06-17,118.0,1.52,,,29.05,23.46,16.94,70.7,
2018-06-18,125.0,1.45,30.83,20.73,30.8,24.73,10.87,31.4,
2018-06-19,88.0,1.4,30.34,27.43,35.72,20.43,15.87,43.53,
2018-06-20,82.0,1.42,34.53,19.74,39.04,19.86,25.71,97.45,
2018-06-21,71.0,1.15,12.38,9.35,40.96,17.32,22.86,82.67,
2018-06-22,75.0,1.19,11.86,8.0,44.93,18.99,18.09,70.66,
2018-06-23,89.0,1.45,41.22,22.69,35.33,20.7,17.52,61.23,
2018-06-24,91.0,1.35,28.12,21.7,38.32,19.23,10.53,41.27,
2018-06-25,77.0,1.19,13.15,9.81,48.68,18.61,13.38,55.71,
2018-06-26,68.0,1.17,14.66,7.29,33.79,18.95,22.06,75.33,
2018-06-27,72.0,1.21,12.86,14.83,34.73,19.25,18.54,71.0,
2018-06-28,80.0,1.4,37.79,29.81,31.45,19.79,19.38,56.8,
2018-06-29,109.0,1.72,58.8,23.55,34.69,20.16,18.39,67.13,
2018-06-30,78.0,1.49,28.83,20.94,28.51,16.63,16.59,66.72,
2018-07-01,88.0,1.49,28.19,21.22,22.08,19.4,13.0,48.23,
2018-07-02,77.0,1.37,30.97,22.09,22.38,15.46,13.78,48.89,
2018-07-03,89.0,1.49,37.75,25.39,26.45,18.02,18.5,65.24,
2018-07-04,75.0,1.17,11.34,13.29,29.09,15.13,14.71,52.86,
2018-07-05,68.0,1.19,11.07,13.32,27.65,13.5,14.11,73.45,
2018-07-06,72.0,1.17,10.98,15.53,26.26,12.65,14.53,70.33,
2018-07-07,73.0,1.27,17.38,22.11,28.19,12.79,12.84,56.35,
2018-07-08,74.0,1.41,36.66,35.28,,,,,
2018-07-09,,1.52,48.72,32.45,24.24,17.77,12.96,38.84,
2018-07-10,,1.19,13.53,19.41,34.86,14.35,12.8,46.86,
2018-07-11,67.0,1.17,10.39,16.33,27.8,14.69,18.15,71.77,
2018-07-12,68.0,1.16,10.59,16.32,24.34,12.03,15.31,69.04,
2018-07-13,72.0,1.23,11.01,17.39,25.82,11.33,14.72,82.21,
2018-07-14,84.0,1.2,10.72,16.22,26.07,11.48,19.26,93.35,
2018-07-15,60.0,1.16,9.86,15.37,33.28,11.5,13.43,89.58,
2018-07-16,69.0,1.17,10.53,16.43,30.01,11.43,15.67,77.37,
2018-07-17,80.0,1.22,10.75,16.38,28.73,11.99,16.43,72.12,
2018-07-18,70.0,1.25,9.09,17.66,25.99,11.67,23.32,60.58,
2018-07-19,82.0,1.2,4.55,14.7,24.56,9.71,46.76,73.6,
2018-07-20,70.0,1.24,10.53,18.31,27.49,11.57,16.52,67.74,
2018-07-21,66.0,1.04,10.13,16.98,29.34,12.14,15.0,65.59,
2018-07-22,62.0,1.02,10.26,16.35,24.89,11.8,15.37,58.9,
2018-07-23,63.0,1.07,11.01,17.29,26.77,11.66,14.24,56.91,
2018-07-24,61.0,1.1,13.13,16.18,18.72,13.08,15.24,53.79,
2018-07-25,61.0,1.05,12.84,14.54,22.01,12.86,16.28,54.45,
2018-07-26,60.0,1.15,16.02,13.72,21.87,12.88,15.88,62.28,
2018-07-27,63.0,1.14,13.76,12.4,22.52,12.25,13.23,52.16,
2018-07-28,62.0,1.14,15.2,12.74,22.15,13.07,14.11,53.33,
2018-07-29,62.0,1.05,18.68,13.83,21.91,14.99,13.39,52.3,
2018-07-30,64.0,1.15,14.19,11.65,21.34,12.34,15.45,50.4,
2018-07-31,44.0,1.23,8.42,15.83,24.03,9.29,16.22,61.49,
2018-08-01,64.0,1.16,8.07,15.46,23.69,10.08,14.71,65.57,
2018-08-02,84.0,1.2,11.9,32.71,33.07,20.19,14.87,56.31,
2018-08-03,75.0,1.18,12.25,48.29,18.65,24.59,17.72,48.66,
2018-08-04,65.0,1.19,12.66,20.48,28.24,10.93,10.36,44.69,
2018-08-05,64.0,1.17,15.48,22.23,27.3,15.38,9.21,41.44,
2018-08-06,66.0,1.2,16.13,14.63,27.19,12.42,11.21,43.37,
2018-08-07,66.0,1.21,14.45,20.24,28.15,9.22,12.65,51.97,
2018-08-08,67.0,1.2,12.68,20.09,26.99,9.64,13.33,54.43,
2018-08-09,67.0,1.21,13.13,31.78,32.95,12.06,11.61,46.49,
2018-08-10,69.0,1.22,13.29,20.2,35.23,10.6,12.59,48.67,
2018-08-11,67.0,1.24,14.08,21.17,39.1,11.08,11.7,40.69,
2018-08-12,67.0,1.22,12.42,20.86,38.31,11.92,9.7,42.34,
2018-08-13,68.0,1.14,13.18,17.76,37.65,9.21,12.94,45.15,
2018-08-14,107.0,0.91,15.43,20.85,39.5,11.77,80.13,64.24,
2018-08-15,93.0,1.12,16.22,22.03,44.31,14.45,26.83,90.14,
2018-08-16,90.0,1.1,15.76,22.23,41.44,11.49,26.49,91.07,
2018-08-17,83.0,1.09,14.51,21.08,41.28,11.53,23.72,74.6,
2018-08-18,74.0,1.06,16.42,23.64,41.67,14.13,24.15,73.99,
2018-08-19,76.0,1.02,15.52,19.22,44.15,11.74,22.94,84.4,
2018-08-20,81.0,0.99,17.67,20.96,37.31,11.84,26.68,75.24,
2018-08-21,95.0,1.02,18.75,24.6,46.32,13.7,30.76,69.36,
2018-08-22,64.0,1.03,14.19,22.08,47.18,15.21,25.47,61.36,
2018-08-23,65.0,1.01,16.75,26.84,45.22,15.22,23.11,62.32,
2018-08-24,65.0,1.18,14.7,26.94,48.58,12.06,18.94,53.7,
2018-08-25,70.0,1.33,14.09,26.13,49.66,14.85,25.28,55.95,
2018-08-26,72.0,1.36,14.61,24.89,55.14,14.8,23.62,54.02,
2018-08-27,77.0,1.44,36.47,30.42,49.99,14.13,26.46,65.51,
2018-08-28,100.0,1.39,22.59,33.37,54.83,9.51,30.97,75.3,
2018-08-29,77.0,1.31,10.63,32.46,45.71,7.65,28.58,70.91,
2018-08-30,71.0,1.29,9.12,31.34,47.01,11.08,26.49,67.74,
2018-08-31,70.0,1.31,12.02,29.3,48.2,11.4,25.69,61.92,
2018-09-01,71.0,1.31,14.73,27.72,44.98,13.66,28.24,71.66,
2018-09-02,70.0,1.32,13.42,25.98,47.94,12.45,24.03,56.21,
2018-09-03,69.0,1.31,15.1,23.5,49.4,15.45,26.35,57.69,
2018-09-04,70.0,1.31,17.67,20.7,42.47,14.73,23.49,54.7,
2018-09-05,68.0,1.23,13.13,24.62,46.98,14.35,22.67,56.3,
2018-09-06,60.0,0.98,10.1,26.53,43.64,13.51,25.5,60.73,
2018-09-07,65.0,0.97,14.55,31.49,39.31,15.23,27.31,67.46,
2018-09-08,67.0,0.99,13.03,30.32,42.69,15.65,26.77,64.56,
2018-09-09,70.0,1.1,18.89,31.12,39.83,16.27,24.28,67.13,
2018-09-10,84.0,1.27,55.28,26.24,24.91,12.41,21.84,63.71,
2018-09-11,106.0,1.55,51.88,23.19,22.46,13.9,26.76,72.02,
2018-09-12,89.0,1.41,31.75,21.46,23.67,11.85,21.64,53.58,
2018-09-13,82.0,1.44,34.93,21.2,25.68,17.7,19.28,48.32,
2018-09-14,89.0,1.57,37.65,22.87,27.03,18.26,23.52,57.14,
2018-09-15,102.0,1.77,31.31,24.76,30.62,17.79,22.09,67.31,
2018-09-16,103.0,1.77,29.74,25.68,33.62,16.75,25.6,76.8,
2018-09-17,93.0,1.62,27.73,21.88,30.21,13.13,20.37,68.0,
2018-09-18,93.0,1.58,30.13,22.65,30.93,10.78,25.51,78.16,
2018-09-19,78.0,1.39,20.54,23.5,28.35,10.29,17.68,55.13,
2018-09-20,100.0,1.7,33.4,26.19,37.93,11.93,25.44,91.8,
2018-09-21,113.0,1.92,38.25,28.18,43.7,14.14,42.73,114.46,
2018-09-22,80.0,1.35,16.24,21.98,49.13,17.08,31.22,59.71,
2018-09-23,82.0,1.5,22.8,25.3,45.84,18.69,35.95,66.06,
2018-09-24,104.0,1.6,33.91,23.98,46.51,14.82,33.06,70.44,
2018-09-25,92.0,1.55,26.2,25.06,36.72,14.14,33.86,77.88,
2018-09-26,91.0,1.57,22.16,29.12,38.59,15.17,32.52,71.2,
2018-09-27,90.0,1.58,40.21,33.05,49.45,13.64,37.21,76.15,
2018-09-28,108.0,2.0,51.26,37.4,50.39,15.19,44.86,107.68,
2018-09-29,106.0,1.94,41.92,31.84,47.98,17.12,44.05,112.39,
2018-09-30,122.0,2.32,44.46,32.42,55.94,20.79,54.77,141.2,
2018-10-01,128.0,2.21,40.14,31.92,46.39,16.35,49.35,130.79,
2018-10-02,111.0,2.0,44.32,36.92,49.69,15.18,49.52,116.69,
2018-10-03,122.0,1.95,25.36,34.0,60.44,15.28,50.87,122.42,
2018-10-04,110.0,2.09,23.44,29.79,47.73,18.74,43.4,99.57,
2018-10-05,106.0,2.14,33.2,29.9,41.95,15.77,42.12,103.91,
2018-10-06,117.0,2.13,39.6,29.55,41.35,16.84,48.16,122.98,
2018-10-07,112.0,1.89,30.75,31.68,52.25,22.58,54.76,118.68,
2018-10-08,109.0,1.76,24.79,31.1,64.18,20.49,48.6,106.14,
2018-10-09,103.0,1.75,22.78,24.85,66.08,20.02,45.06,100.44,
2018-10-10,104.0,1.69,31.63,27.69,59.75,18.62,42.82,100.02,
2018-10-11,100.0,1.66,37.28,21.34,66.49,16.7,34.35,89.58,
2018-10-12,105.0,1.76,35.41,31.55,65.46,17.23,44.57,118.82,
2018-10-13,136.0,1.91,37.1,28.09,74.19,17.81,54.92,167.05,
2018-10-14,149.0,2.18,43.01,30.08,49.91,18.99,48.18,166.65,
2018-10-15,135.0,2.34,47.95,32.3,51.95,20.27,49.42,153.48,
2018-10-16,142.0,2.41,48.94,33.31,52.22,20.25,54.25,158.76,
2018-10-17,130.0,1.96,44.23,31.55,52.39,18.33,46.14,129.95,
2018-10-18,132.0,1.7,42.65,29.06,58.18,19.8,26.07,71.72,
2018-10-19,150.0,1.54,37.8,24.75,71.31,25.03,49.65,137.14,
2018-10-20,,1.62,31.76,26.09,39.44,16.53,48.89,120.56,
2018-10-21,,,,,,,,,
2018-10-22,,1.81,32.18,19.15,38.03,17.61,65.55,158.76,
2018-10-23,,1.72,33.47,18.44,23.99,18.53,30.7,91.46,
2018-10-24,123.0,2.38,41.17,19.69,25.53,20.83,45.04,153.14,
2018-10-25,146.0,2.59,45.57,19.54,26.01,21.41,52.53,166.96,
2018-10-26,118.0,1.93,35.15,19.51,24.46,19.11,39.38,115.93,
2018-10-27,136.0,2.65,40.88,21.46,27.42,21.75,54.0,172.6,
2018-10-28,144.0,,,,,,,,
2018-10-29,,1.75,29.83,26.33,40.74,19.64,34.62,96.44,
2018-10-30,110.0,1.87,48.67,36.88,32.52,18.0,36.32,109.1,
2018-10-31,106.0,1.95,36.52,38.88,37.97,16.61,41.76,111.56,
2018-11-01,141.0,2.1,66.92,60.47,39.87,16.34,49.85,138.28,
2018-11-02,138.0,2.02,61.25,58.64,44.23,18.88,41.8,120.59,
2018-11-03,132.0,1.95,50.57,50.71,41.95,14.27,40.22,100.16,
2018-11-04,100.0,1.71,27.56,30.41,55.14,13.1,37.39,78.33,
2018-11-05,102.0,1.74,29.87,35.62,43.27,19.92,34.93,68.37,
2018-11-06,112.0,2.14,52.23,41.32,47.33,28.32,65.23,152.2,
2018-11-07,184.0,2.32,107.2,56.95,37.62,28.2,67.63,164.86,
2018-11-08,299.0,2.81,75.54,67.3,48.41,40.57,130.47,276.46,
2018-11-09,195.0,2.76,94.43,50.06,45.71,39.24,93.59,222.33,
2018-11-10,307.0,2.92,128.76,39.76,64.46,29.82,122.18,272.19,
2018-11-11,179.0,2.65,104.41,49.0,66.27,25.82,63.69,157.26,
2018-11-12,146.0,2.59,72.48,44.82,58.48,24.89,56.06,149.49,
2018-11-13,123.0,2.1,27.94,29.43,67.98,24.14,51.04,133.23,
2018-11-14,132.0,2.3,52.75,37.39,56.49,24.71,48.02,132.29,
2018-11-15,122.0,2.33,52.43,49.29,64.87,23.56,49.79,132.08,
2018-11-16,147.0,2.35,64.48,59.6,57.12,21.75,51.3,136.44,
2018-11-17,150.0,2.75,79.32,56.85,57.58,21.46,56.72,152.93,
2018-11-18,153.0,2.83,63.09,42.15,79.13,19.25,65.09,171.12,
2018-11-19,145.0,,,,,,,,
2018-11-20,,2.01,13.2,24.7,103.0,21.46,73.29,177.92,
2018-11-21,,,,,,,,,
2018-11-22,,2.41,42.26,110.16,69.64,21.59,64.04,152.7,
2018-11-23,,2.35,38.46,53.66,57.96,18.48,48.49,112.45,
2018-11-24,125.0,2.61,46.23,38.64,53.93,21.5,48.76,141.23,
2018-11-25,145.0,2.89,55.21,39.13,64.37,21.99,51.75,171.43,
2018-11-26,169.0,3.07,57.34,38.66,61.74,22.39,63.19,179.98,
2018-11-27,143.0,2.87,47.61,50.01,51.25,18.53,57.74,161.37,
2018-11-28,149.0,2.83,47.11,49.82,65.33,13.92,55.7,175.73,
2018-11-29,146.0,2.85,44.84,39.31,65.15,14.99,53.71,170.39,
2018-11-30,158.0,2.93,40.31,37.29,69.6,17.34,56.87,175.08,
2018-12-01,154.0,3.02,47.03,41.17,63.12,17.4,62.05,196.83,
2018-12-02,172.0,2.21,46.9,36.12,71.9,17.88,62.82,202.58,
2018-12-03,174.0,1.89,38.47,43.27,74.46,16.39,76.86,215.08,
2018-12-04,168.0,2.42,54.68,60.53,65.87,14.82,65.54,187.09,
2018-12-05,163.0,3.26,81.97,68.46,75.06,15.46,72.91,201.08,
2018-12-06,176.0,2.63,64.5,56.0,49.86,13.9,70.04,170.19,
2018-12-07,140.0,2.06,44.06,42.91,44.72,19.62,54.61,165.03,
2018-12-08,152.0,2.34,47.32,46.77,50.4,23.26,63.47,193.53,
2018-12-09,158.0,2.12,28.22,43.94,50.29,22.11,56.9,169.94,
2018-12-10,137.0,1.79,21.34,45.25,49.03,17.96,51.82,151.5,
2018-12-11,138.0,1.91,27.81,65.26,43.06,18.87,49.73,154.09,
2018-12-12,124.0,1.81,32.36,57.01,40.93,19.96,38.67,121.78,
2018-12-13,117.0,1.81,28.34,61.56,45.61,22.04,50.03,142.34,
2018-12-14,123.0,1.81,47.78,50.13,35.55,26.36,61.98,148.08,
2018-12-15,136.0,1.87,40.58,44.05,38.71,29.7,57.49,159.6,
2018-12-16,146.0,1.8,30.17,36.6,43.55,33.29,56.54,155.32,
2018-12-17,128.0,1.7,36.94,37.73,43.0,23.54,50.82,135.22,
2018-12-18,136.0,1.9,58.47,49.72,53.08,21.82,63.59,165.21,
2018-12-19,174.0,1.97,45.93,106.27,49.9,20.37,66.38,141.73,
2018-12-20,135.0,1.74,34.57,70.55,42.96,19.4,50.75,130.15,
2018-12-21,123.0,1.9,37.82,65.68,47.82,17.82,52.93,143.39,
2018-12-22,160.0,2.58,80.57,73.65,54.17,19.18,74.39,180.07,
2018-12-23,197.0,2.65,85.85,63.17,53.27,21.36,92.96,192.28,
2018-12-24,219.0,2.75,68.31,60.1,58.67,17.33,96.74,221.61,
2018-12-25,210.0,2.72,70.22,37.83,60.08,22.33,88.48,203.0,
2018-12-26,149.0,1.86,32.12,49.5,46.46,18.79,68.03,137.58,
2018-12-27,119.0,1.81,43.87,50.21,33.39,22.18,67.26,133.78,
2018-12-28,130.0,2.03,56.22,52.64,37.61,26.15,69.88,152.97,
2018-12-29,143.0,2.05,58.08,69.41,37.22,26.23,65.85,137.97,
2018-12-30,154.0,2.11,76.01,66.55,35.39,38.07,81.14,159.39,
2018-12-31,188.0,2.57,70.64,90.08,38.87,27.19,81.34,185.04,
2019-01-01,181.0,2.75,62.98,66.11,45.29,21.88,79.78,221.85,
2019-01-02,175.0,3.14,82.29,64.04,53.3,26.7,80.41,232.04,
2019-01-03,239.0,3.65,83.94,58.71,68.37,25.44,103.76,295.76,
2019-01-04,221.0,3.5,80.09,59.75,68.82,23.0,84.61,250.62,
2019-01-05,180.0,2.76,61.9,64.59,63.06,24.93,75.92,216.49,
2019-01-06,183.0,2.76,49.18,60.0,62.05,21.49,81.14,233.06,
2019-01-07,156.0,2.18,41.1,67.79,48.85,22.27,52.78,164.07,
2019-01-08,156.0,2.75,54.09,56.98,67.66,32.25,57.44,177.25,
2019-01-09,150.0,2.49,57.69,48.59,85.19,21.75,71.68,199.89,
2019-01-10,199.0,3.01,70.11,50.68,69.71,18.86,84.32,250.65,
2019-01-11,201.0,3.32,77.9,47.07,71.31,32.67,85.51,240.04,
2019-01-12,187.0,2.76,55.52,49.1,78.82,34.55,76.86,237.89,
2019-01-13,197.0,3.11,63.0,35.42,76.64,30.85,75.79,235.95,
2019-01-14,163.0,2.37,37.01,44.04,72.08,25.59,66.32,191.3,
2019-01-15,162.0,2.53,52.24,50.99,72.52,28.78,68.1,188.89,
2019-01-16,162.0,2.56,62.3,48.31,65.72,27.31,69.37,194.79,
2019-01-17,184.0,3.25,118.84,48.1,32.31,27.92,83.31,245.52,
2019-01-18,200.0,2.99,69.76,52.87,32.51,26.39,84.99,231.12,
2019-01-19,190.0,3.3,94.63,50.15,29.55,35.06,82.07,254.54,
2019-01-20,234.0,3.34,79.17,26.93,33.76,35.52,93.45,285.55,
2019-01-21,160.0,2.1,38.08,17.6,20.34,28.3,51.0,132.19,
2019-01-22,114.0,1.94,36.32,35.26,25.59,22.76,34.26,109.43,
2019-01-23,100.0,1.65,26.82,41.97,29.55,21.92,26.04,113.83,
2019-01-24,125.0,1.78,23.5,70.2,37.42,18.37,53.38,150.95,
2019-01-25,133.0,1.83,22.96,79.41,52.07,12.39,47.4,135.35,
2019-01-26,131.0,1.84,40.28,72.66,54.64,12.89,38.28,122.56,
2019-01-27,117.0,1.79,17.56,68.41,34.26,10.85,36.88,117.84,
2019-01-28,112.0,2.29,11.12,13.44,35.58,12.57,46.01,121.37,
2019-01-29,118.0,2.12,40.19,38.05,40.56,14.45,47.42,125.09,
2019-01-30,150.0,2.83,,,48.14,17.46,51.55,173.72,
2019-01-31,151.0,2.93,,,47.64,24.08,51.24,174.07,
2019-02-01,146.0,2.3,,,59.04,17.87,48.04,153.71,
2019-02-02,152.0,2.27,,,59.69,17.97,50.63,184.82,
2019-02-03,186.0,3.21,,,72.76,22.13,73.37,257.39,
2019-02-04,201.0,3.25,54.58,17.9,56.12,22.36,66.26,217.26,
2019-02-05,164.0,2.73,27.48,30.45,70.86,19.76,65.62,209.61,
2019-02-06,156.0,1.88,38.78,23.77,65.06,14.66,43.34,146.7,
2019-02-07,103.0,1.59,40.78,24.61,44.44,12.31,18.67,94.56,
2019-02-08,132.0,1.64,50.54,36.41,38.51,13.66,52.26,203.43,
2019-02-09,170.0,2.0,85.9,34.58,32.65,20.72,72.35,188.49,
2019-02-10,180.0,2.84,31.02,30.53,55.92,26.28,86.52,222.61,
2019-02-11,213.0,3.17,39.3,34.5,69.16,25.97,101.67,261.7,
2019-02-12,225.0,3.27,95.62,45.67,55.38,24.49,94.74,221.18,
2019-02-13,190.0,2.6,73.92,34.45,56.51,21.96,78.47,152.16,
2019-02-14,139.0,1.91,59.57,32.54,56.4,16.76,49.64,100.42,
2019-02-15,118.0,1.86,43.85,30.95,68.09,15.42,47.74,119.49,
2019-02-16,125.0,2.16,64.01,37.75,58.37,17.91,52.57,130.57,
2019-02-17,165.0,2.37,61.17,34.62,90.64,19.85,59.84,168.11,
2019-02-18,155.0,2.25,47.99,32.21,83.46,19.18,54.99,136.62,
2019-02-19,143.0,2.19,50.63,34.17,76.99,18.32,49.87,120.19,
2019-02-20,166.0,3.0,58.01,28.4,101.76,22.73,64.73,182.68,
2019-02-21,114.0,1.67,32.41,20.68,70.35,17.0,35.61,84.13,
2019-02-22,105.0,1.85,37.16,21.65,56.96,16.77,38.3,103.84,
2019-02-23,156.0,2.51,53.85,32.52,78.9,21.28,58.39,196.31,
2019-02-24,140.0,1.84,41.11,22.27,62.79,18.07,31.67,126.11,
2019-02-25,119.0,1.97,54.25,26.2,57.0,15.66,35.64,118.0,
2019-02-26,118.0,1.69,45.93,24.5,45.78,8.13,27.8,116.06,
2019-02-27,108.0,1.72,54.48,18.29,37.63,7.67,22.69,109.49,
2019-02-28,106.0,1.92,57.22,13.9,49.84,10.0,49.14,133.69,
2019-03-01,159.0,2.35,90.27,38.66,70.34,17.55,41.12,150.77,
2019-03-02,184.0,2.78,108.87,35.35,72.01,15.04,49.77,203.42,
2019-03-03,114.0,1.64,35.64,12.5,63.43,7.53,15.85,58.71,
2019-03-04,95.0,1.64,41.82,7.43,73.28,7.72,16.82,81.35,
2019-03-05,106.0,1.54,29.85,5.5,76.26,6.83,22.15,126.58,
2019-03-06,113.0,1.67,37.33,10.1,80.67,7.12,23.44,92.09,
2019-03-07,113.0,1.75,41.19,15.47,80.8,7.22,25.23,102.94,
2019-03-08,122.0,1.83,40.93,17.87,81.24,8.15,29.13,108.52,
2019-03-09,151.0,2.14,54.51,20.05,89.05,10.39,36.24,132.21,
2019-03-10,142.0,1.96,51.19,17.41,61.16,9.84,30.19,158.13,
2019-03-11,127.0,1.67,40.45,9.46,46.22,7.23,23.72,128.8,
2019-03-12,109.0,1.54,36.52,9.01,60.52,6.71,21.02,92.1,
2019-03-13,142.0,1.58,36.51,10.9,97.63,7.4,23.36,90.2,
2019-03-14,104.0,1.63,42.4,14.7,68.64,5.16,21.54,99.26,
2019-03-15,124.0,1.73,43.47,17.95,85.43,4.28,28.02,113.58,
2019-03-16,153.0,2.18,62.31,25.05,89.53,6.0,39.49,158.64,
2019-03-17,135.0,1.93,46.68,20.46,87.21,4.04,37.52,132.12,
2019-03-18,137.0,2.28,59.73,23.59,86.68,5.96,40.68,145.41,
2019-03-19,140.0,2.34,87.07,20.39,57.91,7.17,35.58,140.87,
2019-03-20,108.0,1.8,54.25,10.65,65.62,4.35,27.08,92.8,
2019-03-21,98.0,1.58,40.25,3.53,55.06,3.2,19.81,79.16,
2019-03-22,81.0,1.44,46.92,7.2,37.28,3.15,18.03,65.91,
2019-03-23,90.0,1.44,46.86,10.21,51.37,3.86,31.96,115.36,
2019-03-24,149.0,,69.57,20.72,66.28,5.64,49.58,188.42,
2019-03-25,160.0,1.71,85.62,34.94,50.36,4.78,55.04,206.24,
2019-03-26,147.0,1.71,42.96,23.48,35.31,1.22,40.69,151.14,
2019-03-27,128.0,1.6,26.75,10.1,29.84,24.1,34.51,127.47,
2019-03-28,111.0,1.61,29.22,10.48,32.64,42.91,32.94,105.11,
2019-03-29,98.0,1.5,20.58,5.19,21.98,28.83,29.55,100.84,
2019-03-30,101.0,1.49,25.92,5.62,17.4,28.87,24.24,89.43,
2019-03-31,87.0,1.46,27.07,5.77,14.4,28.27,18.43,90.53,
2019-04-01,90.0,1.43,24.96,2.49,13.07,29.66,19.8,87.09,
2019-04-02,86.0,1.7,21.03,18.8,43.42,22.45,22.9,89.81,
2019-04-03,138.0,1.79,32.87,29.36,35.71,22.97,27.35,92.65,
2019-04-04,94.0,1.72,33.32,19.55,21.67,22.44,16.91,66.3,
2019-04-05,94.0,1.76,36.51,19.43,25.83,22.69,19.09,60.59,
2019-04-06,95.0,1.78,43.1,21.09,14.0,22.87,17.84,66.09,
2019-04-07,98.0,1.85,52.31,22.34,15.02,23.04,18.74,71.13,
2019-04-08,95.0,1.78,44.91,21.77,21.22,23.21,16.1,59.23,
2019-04-09,93.0,1.73,38.38,18.49,22.29,23.29,16.87,60.7,
2019-04-10,94.0,1.77,40.36,17.8,19.22,23.47,14.22,52.28,
2019-04-11,92.0,1.74,29.93,15.32,20.81,22.99,17.17,64.97,
2019-04-12,96.0,1.83,44.14,20.93,24.64,23.7,22.32,76.97,
2019-04-13,109.0,2.06,71.9,34.12,25.95,25.33,33.1,114.51,
2019-04-14,108.0,1.91,48.02,30.65,15.09,23.82,22.7,83.82,
2019-04-15,102.0,1.88,32.61,28.62,35.39,22.74,20.7,84.28,
2019-04-16,101.0,1.85,35.04,24.92,28.41,19.95,27.28,106.52,
2019-04-17,93.0,1.69,21.7,20.49,19.05,19.47,13.15,50.12,
2019-04-18,96.0,1.82,37.19,34.18,32.75,20.13,21.44,88.17,
2019-04-19,99.0,1.84,34.43,27.23,21.3,20.07,21.5,95.76,
2019-04-20,102.0,1.92,49.89,34.26,23.3,20.16,22.27,75.24,
2019-04-21,100.0,1.89,35.8,23.45,14.96,20.28,21.17,69.22,
2019-04-22,98.0,1.86,38.67,27.14,24.44,22.6,20.98,75.94,
2019-04-23,97.0,1.84,42.5,22.31,32.45,24.63,18.09,71.69,
2019-04-24,93.0,1.77,26.75,14.65,34.41,23.62,16.24,67.42,
2019-04-25,90.0,1.76,25.69,15.74,31.8,22.37,17.48,57.09,
2019-04-26,93.0,1.79,28.67,18.72,27.22,20.85,17.19,74.24,
2019-04-27,100.0,1.94,53.5,24.73,22.74,24.2,26.23,99.86,
2019-04-28,103.0,1.88,29.63,27.13,16.98,23.41,23.77,99.29,
2019-04-29,97.0,1.85,29.2,22.3,15.57,23.8,22.63,88.73,
2019-04-30,96.0,1.84,31.26,19.2,18.42,24.52,21.86,85.4,
2019-05-01,90.0,1.77,22.92,12.89,12.82,23.3,19.09,89.67,
2019-05-02,105.0,1.76,22.82,13.17,23.08,22.6,21.65,114.38,
2019-05-03,97.0,1.8,29.42,14.87,11.7,19.09,17.93,85.82,
2019-05-04,92.0,1.8,27.84,16.35,16.35,19.29,16.54,76.05,
2019-05-05,91.0,1.79,21.85,9.55,17.61,19.68,14.8,71.97,
2019-05-06,93.0,1.8,30.79,12.71,19.01,19.8,15.73,61.85,
2019-05-07,95.0,1.82,37.16,13.09,21.85,21.62,13.48,52.14,
2019-05-08,90.0,1.76,23.64,9.3,24.36,24.67,12.89,47.56,
2019-05-09,91.0,1.76,26.4,11.28,11.22,24.3,10.95,46.73,
2019-05-10,89.0,1.75,23.09,11.68,18.84,24.35,12.8,49.69,
2019-05-11,93.0,1.78,32.79,19.48,16.01,24.31,12.96,45.38,
2019-05-12,94.0,1.81,36.73,18.89,15.75,24.16,14.62,62.45,
2019-05-13,92.0,1.77,23.25,14.77,15.94,24.34,18.73,70.93,
2019-05-14,92.0,1.67,35.17,16.34,20.13,22.41,15.43,64.72,
2019-05-15,80.0,1.45,30.53,15.87,22.69,22.61,15.19,64.91,
2019-05-16,76.0,1.43,25.31,14.07,19.94,19.58,16.01,58.49,
2019-05-17,79.0,1.5,40.23,18.31,14.32,18.85,15.25,64.12,
2019-05-18,92.0,1.62,54.67,20.05,14.88,24.56,16.14,74.72,
2019-05-19,83.0,1.54,38.35,20.27,15.65,23.69,12.37,58.55,
2019-05-20,84.0,1.65,31.5,16.87,22.67,17.63,12.04,58.33,
2019-05-21,92.0,1.79,25.94,14.59,15.14,11.05,14.62,69.48,
2019-05-22,89.0,1.75,20.11,12.09,14.77,10.84,11.08,45.31,
2019-05-23,93.0,1.78,37.17,13.9,17.17,11.83,25.61,55.67,
2019-05-24,90.0,1.69,32.58,12.8,14.79,10.96,16.84,79.74,
2019-05-25,75.0,1.41,25.71,10.11,26.22,12.41,14.03,60.49,
2019-05-26,71.0,1.36,28.86,9.62,23.81,15.93,17.07,76.72,
2019-05-27,86.0,1.45,29.58,9.78,23.04,14.91,18.11,86.81,
2019-05-28,90.0,1.76,30.56,9.8,19.96,11.23,16.57,72.77,
2019-05-29,91.0,1.7,25.94,9.83,26.66,11.33,14.93,60.16,
2019-05-30,73.0,1.39,26.93,9.69,19.95,11.02,12.88,48.56,
2019-05-31,76.0,1.45,31.28,11.04,31.89,13.74,13.92,48.68,
2019-06-01,81.0,1.58,32.6,14.13,24.38,16.05,12.38,45.97,
2019-06-02,81.0,1.6,32.2,13.65,24.89,16.32,12.49,43.71,
2019-06-03,81.0,1.29,26.45,11.69,24.56,13.11,16.91,45.9,7.21
2019-06-04,66.0,0.68,16.3,7.05,18.91,7.54,14.51,49.54,7.47
2019-06-05,64.0,0.63,12.61,6.38,17.04,9.08,16.41,53.63,8.87
2019-06-06,65.0,0.58,17.28,8.5,18.84,9.9,12.41,57.2,10.61
2019-06-07,72.0,0.5,23.87,11.45,17.37,10.37,12.86,65.7,11.13
2019-06-08,77.0,0.52,25.34,11.93,18.69,8.74,14.42,77.47,9.55
2019-06-09,86.0,0.55,27.75,11.54,15.94,9.59,16.3,85.38,8.39
2019-06-10,87.0,0.68,27.33,20.97,22.76,9.76,18.41,75.69,16.2
2019-06-11,90.0,0.7,22.23,28.04,30.22,9.34,18.13,50.39,18.1
2019-06-12,71.0,0.63,25.57,19.26,20.67,9.46,15.48,46.88,17.14
2019-06-13,61.0,0.53,21.6,15.52,21.85,8.57,13.64,57.28,15.49
2019-06-14,69.0,0.53,23.48,13.6,13.58,9.5,15.87,56.1,14.05
2019-06-15,62.0,0.51,23.56,14.4,12.83,10.38,13.97,48.22,13.96
2019-06-16,58.0,0.33,17.38,9.91,14.62,9.73,11.64,55.6,10.25
2019-06-17,60.0,0.44,17.32,9.55,14.3,10.37,12.33,59.29,9.36
2019-06-18,65.0,0.51,17.55,11.91,14.79,10.39,14.3,52.99,8.75
2019-06-19,61.0,0.53,22.59,13.23,12.38,10.8,14.45,56.82,9.6
2019-06-20,80.0,0.48,27.03,11.25,13.0,10.9,15.98,82.29,8.91
2019-06-21,82.0,0.46,26.62,11.72,12.15,11.22,16.49,78.83,9.47
2019-06-22,84.0,0.46,25.32,13.33,13.26,11.19,19.33,88.55,10.41
2019-06-23,90.0,0.43,22.83,13.27,13.74,11.77,18.81,88.85,9.22
2019-06-24,92.0,0.54,20.8,15.53,13.16,12.04,20.36,80.85,8.51
2019-06-25,71.0,0.52,30.17,14.17,14.9,11.48,17.72,53.76,12.19
2019-06-26,63.0,0.47,27.65,13.16,13.43,11.63,15.04,49.61,12.07
2019-06-27,60.0,0.51,29.74,14.18,13.41,10.94,10.52,31.79,12.66
2019-06-28,59.0,0.44,21.04,11.4,16.47,9.39,7.2,31.49,8.71
2019-06-29,63.0,0.49,19.59,15.26,19.59,9.21,10.31,34.34,7.86
2019-06-30,59.0,0.53,22.59,15.23,14.72,9.42,11.91,39.11,7.93
2019-07-01,59.0,0.55,21.26,17.34,17.01,11.08,8.73,24.69,7.62
2019-07-02,61.0,0.59,27.78,19.56,14.59,12.53,9.86,21.58,11.71
2019-07-03,67.0,0.62,37.74,17.27,12.88,13.27,13.44,31.61,12.88
2019-07-04,68.0,0.72,44.97,14.32,12.16,12.93,16.28,43.96,10.29
2019-07-05,84.0,0.57,31.89,13.72,12.64,12.61,13.97,53.1,11.0
2019-07-06,57.0,0.42,20.99,11.91,14.05,11.13,10.48,46.43,7.73
2019-07-07,76.0,0.42,20.06,9.3,15.25,11.35,17.65,82.39,5.74
2019-07-08,84.0,0.44,22.01,12.64,14.2,11.47,9.78,54.07,6.49
2019-07-09,61.0,0.41,18.6,10.51,14.75,10.75,10.49,45.85,6.16
2019-07-10,59.0,0.47,25.96,12.99,12.85,9.36,8.69,28.14,6.27
2019-07-11,67.0,0.41,28.42,10.58,12.22,7.28,11.0,49.5,8.24
2019-07-12,72.0,0.44,24.42,11.89,13.87,7.21,11.6,48.04,6.75
2019-07-13,63.0,0.44,25.43,11.47,11.65,7.38,11.06,44.93,5.61
2019-07-14,65.0,0.44,26.83,9.99,13.45,8.0,9.18,43.54,5.43
2019-07-15,66.0,0.43,22.66,9.99,13.18,8.18,10.76,57.0,6.57
2019-07-16,66.0,0.45,28.27,9.44,11.87,8.32,11.46,51.18,7.03
2019-07-17,69.0,0.49,27.74,9.47,12.26,8.6,14.55,59.21,11.05
2019-07-18,70.0,0.46,24.18,11.3,12.41,9.19,14.07,62.65,14.42
2019-07-19,77.0,0.51,28.95,13.24,12.25,10.0,18.79,78.75,17.49
2019-07-20,78.0,0.62,32.17,16.96,12.88,9.35,18.67,57.53,17.58
2019-07-21,79.0,0.71,33.18,19.66,16.46,9.54,22.6,48.5,16.54
2019-07-22,64.0,0.55,21.45,16.13,17.35,8.73,11.58,32.14,16.04
2019-07-23,55.0,0.4,22.41,15.21,15.68,8.17,7.33,25.93,14.29
2019-07-24,51.0,0.28,22.44,13.77,15.25,7.67,7.93,22.05,13.52
2019-07-25,56.0,0.31,26.43,13.12,14.15,8.02,14.23,42.48,13.69
2019-07-26,59.0,0.27,21.56,10.47,14.63,8.06,11.83,41.53,12.09
2019-07-27,56.0,0.43,17.04,10.49,17.47,7.62,11.84,43.68,10.02
2019-07-28,61.0,0.46,17.06,9.9,16.94,8.41,14.16,53.66,9.87
2019-07-29,65.0,0.51,17.86,10.8,13.16,8.57,12.93,47.19,13.77
2019-07-30,58.0,0.46,23.37,12.72,15.39,7.7,10.37,32.95,15.65
2019-07-31,56.0,0.46,18.95,11.75,14.5,7.75,9.25,33.22,18.33
2019-08-01,58.0,0.43,18.22,10.59,14.61,7.93,9.44,38.95,16.59
2019-08-02,56.0,0.4,18.23,9.89,13.84,8.6,7.97,29.55,16.34
2019-08-03,49.0,0.39,16.04,8.7,13.76,10.29,8.06,23.05,15.24
2019-08-04,48.0,0.4,15.93,7.87,13.98,10.12,10.3,35.88,12.79
2019-08-05,56.0,0.42,18.87,9.02,12.85,10.04,11.9,41.42,12.44
2019-08-06,59.0,0.44,23.34,9.73,11.1,9.83,10.6,41.04,12.25
2019-08-07,60.0,0.43,24.49,9.14,12.52,9.37,12.73,51.39,11.54
2019-08-08,69.0,0.44,23.89,9.7,12.52,9.46,18.67,72.32,11.17
2019-08-09,74.0,0.43,19.78,8.54,11.43,9.26,18.48,66.95,10.95
2019-08-10,78.0,0.41,18.0,7.54,12.07,9.13,18.71,76.53,9.67
2019-08-11,72.0,0.43,19.14,7.74,12.19,8.71,15.56,62.75,8.21
2019-08-12,66.0,0.45,20.93,7.92,11.54,7.44,12.73,56.76,8.78
2019-08-13,66.0,0.54,28.81,10.19,9.89,8.19,13.07,52.56,10.04
2019-08-14,69.0,0.57,27.53,12.45,10.8,8.64,15.06,61.4,10.91
2019-08-15,70.0,0.53,23.11,10.33,12.32,9.53,11.75,47.84,10.23
2019-08-16,60.0,0.52,21.54,9.91,12.81,9.55,11.89,51.78,8.81
2019-08-17,67.0,0.52,17.68,9.24,13.62,7.74,13.3,64.05,8.8
2019-08-18,65.0,0.55,20.6,8.69,11.22,7.38,11.37,52.68,8.62
2019-08-19,67.0,0.54,23.24,9.8,10.44,8.07,11.44,53.12,10.27
2019-08-20,73.0,0.51,25.29,11.11,10.72,8.9,13.78,63.94,8.67
2019-08-21,68.0,0.52,21.95,11.06,11.15,8.59,15.77,53.39,5.67
2019-08-22,62.0,0.55,22.39,10.74,10.33,9.01,12.96,53.14,7.52
2019-08-23,64.0,0.6,23.11,11.58,9.38,9.56,16.01,52.92,12.92
2019-08-24,62.0,0.58,18.39,10.06,11.89,9.6,18.56,49.36,12.42
2019-08-25,66.0,0.69,24.17,11.86,8.11,11.14,12.37,47.31,12.82
2019-08-26,73.0,0.64,24.26,11.3,8.62,12.3,14.76,59.08,15.1
2019-08-27,64.0,0.35,22.73,10.38,10.51,11.97,13.53,55.06,14.52
2019-08-28,53.0,0.46,18.89,9.91,9.27,11.47,12.75,45.0,19.5
2019-08-29,57.0,0.66,22.52,10.03,8.93,11.13,13.24,46.32,15.95
2019-08-30,62.0,0.67,27.41,10.86,7.12,10.95,11.17,39.63,16.12
2019-08-31,62.0,0.63,23.87,11.28,8.93,11.18,11.53,42.24,15.21
2019-09-01,62.0,0.65,25.25,10.74,10.84,11.02,9.75,32.99,11.7
2019-09-02,67.0,0.71,24.24,9.33,8.56,10.89,12.12,41.22,9.82
2019-09-03,60.0,0.64,22.59,11.46,9.87,10.98,6.72,21.31,11.08
2019-09-04,54.0,0.62,16.94,12.01,9.36,11.23,7.68,20.72,12.63
2019-09-05,49.0,0.6,13.76,10.54,10.26,11.37,5.68,20.38,12.98
2019-09-06,47.0,0.57,12.54,10.81,9.62,10.93,7.6,29.36,11.7
2019-09-07,49.0,0.62,13.36,11.97,9.12,11.08,10.71,34.27,10.07
2019-09-08,51.0,0.67,13.52,13.69,12.28,11.81,8.69,29.63,9.0
2019-09-09,54.0,0.57,14.4,12.67,9.24,12.02,12.07,46.77,9.16
2019-09-10,54.0,0.39,10.6,12.29,10.38,11.8,13.89,51.1,9.89
2019-09-11,55.0,0.52,20.44,13.79,7.52,12.02,14.62,47.04,10.31
2019-09-12,55.0,0.44,13.61,12.54,7.84,11.38,10.93,41.79,10.26
2019-09-13,53.0,0.54,24.34,13.82,7.08,12.0,12.93,39.62,11.37
2019-09-14,60.0,0.46,17.51,12.13,9.01,11.58,13.24,54.5,11.01
2019-09-15,57.0,0.62,18.68,17.71,12.04,11.31,10.85,32.85,9.14
2019-09-16,65.0,0.57,31.62,13.78,7.17,12.4,11.95,45.25,19.52
2019-09-17,64.0,0.59,31.84,12.93,8.24,11.46,16.24,43.48,15.38
2019-09-18,80.0,0.8,36.78,17.44,7.93,12.06,17.95,42.66,14.89
2019-09-19,83.0,0.83,15.81,30.97,18.46,11.61,21.73,38.49,13.33
2019-09-20,73.0,0.75,17.92,21.94,10.91,10.98,14.94,34.2,17.44
2019-09-21,57.0,0.47,20.6,16.97,11.09,8.75,12.09,33.0,15.24
2019-09-22,56.0,0.45,15.96,15.95,11.12,6.85,15.09,44.55,12.04
2019-09-23,64.0,0.55,20.12,13.64,8.68,7.6,18.6,57.85,13.89
2019-09-24,67.0,0.57,21.42,12.38,9.33,7.4,15.04,59.47,11.16
2019-09-25,64.0,0.67,20.46,22.09,10.74,7.63,16.9,37.22,11.57
2019-09-26,70.0,0.67,22.87,19.61,10.72,7.97,17.28,39.46,19.44
2019-09-27,49.0,0.39,15.69,12.29,10.11,7.44,8.39,22.71,14.47
2019-09-28,40.0,0.28,18.67,10.2,7.38,7.82,8.32,27.38,16.88
2019-09-29,42.0,0.28,17.97,9.67,7.3,8.2,9.62,32.07,12.28
2019-09-30,41.0,0.32,21.75,9.8,6.25,8.42,8.33,26.16,12.68
2019-10-01,50.0,0.35,25.55,8.67,6.29,8.4,10.46,42.8,12.79
2019-10-02,64.0,0.47,28.85,11.75,8.0,8.57,16.15,56.33,14.04
2019-10-03,68.0,0.66,27.17,14.41,8.22,8.76,17.62,52.25,13.22
2019-10-04,72.0,0.71,24.94,18.88,10.65,9.19,24.77,64.32,13.33
2019-10-05,96.0,1.19,30.47,23.52,15.35,9.91,32.11,74.94,17.09
2019-10-06,99.0,0.83,27.92,27.19,27.28,11.47,35.13,77.75,14.61
2019-10-07,93.0,0.84,17.51,26.69,26.16,10.13,45.48,88.32,14.0
2019-10-08,112.0,1.45,11.83,26.33,27.71,10.18,54.08,99.28,12.48
2019-10-09,90.0,1.02,17.6,27.88,20.53,10.08,21.6,49.28,13.27
2019-10-10,89.0,0.89,22.43,33.69,24.9,11.46,39.03,81.82,13.7
2019-10-11,118.0,1.12,16.68,34.85,30.85,11.26,39.11,77.93,19.65
2019-10-12,110.0,0.83,23.95,32.46,32.79,12.09,49.37,103.99,15.3
2019-10-13,112.0,1.54,19.99,30.6,27.03,12.81,42.92,88.36,13.69
2019-10-14,117.0,0.98,21.2,32.7,25.92,13.2,55.33,112.01,14.9
2019-10-15,116.0,1.15,21.49,33.54,26.74,14.05,50.61,111.2,14.75
2019-10-16,121.0,1.24,22.95,35.06,29.97,14.7,49.19,118.26,15.33
2019-10-17,135.0,1.22,18.2,34.5,38.93,13.74,56.89,126.82,15.51
2019-10-18,135.0,1.19,31.34,35.88,13.21,13.29,62.55,129.06,18.73
2019-10-19,99.0,1.08,34.93,24.93,8.47,11.67,28.56,48.57,19.56
2019-10-20,86.0,1.19,26.82,21.0,8.69,11.06,15.09,29.91,21.13
2019-10-21,81.0,1.03,20.91,20.24,15.31,10.82,17.75,41.34,19.3
2019-10-22,76.0,1.04,19.12,22.87,15.92,10.54,17.92,44.55,15.09
2019-10-23,72.0,0.89,39.34,18.52,7.6,11.87,17.85,41.64,16.18
2019-10-24,87.0,1.04,41.44,24.2,8.38,12.45,30.71,72.1,17.51
2019-10-25,82.0,0.93,24.72,23.05,6.84,10.47,20.04,46.59,16.19
2019-10-26,69.0,0.91,35.65,18.86,8.26,9.45,25.58,57.91,15.37
2019-10-27,105.0,0.93,38.01,15.53,11.02,9.28,39.09,76.14,19.28
2019-10-28,92.0,0.68,23.72,17.36,13.97,9.61,53.5,91.27,17.58
2019-10-29,113.0,0.67,21.95,25.2,20.94,13.83,56.28,102.53,14.21
2019-10-30,97.0,0.83,19.68,25.09,16.87,13.26,40.81,84.5,13.88
2019-10-31,81.0,0.8,23.35,26.43,11.5,14.56,25.37,77.85,14.51
2019-11-01,77.0,0.65,20.48,25.78,13.02,14.62,16.55,57.59,14.82
2019-11-02,57.0,0.64,18.12,23.12,9.88,14.22,11.99,39.96,16.57
2019-11-03,71.0,0.72,25.17,23.86,10.7,15.36,20.09,62.74,17.7
2019-11-04,78.0,0.84,21.88,26.02,16.42,13.21,28.41,66.83,13.52
2019-11-05,79.0,0.85,12.57,30.58,22.29,15.39,36.96,76.94,14.93
2019-11-06,105.0,1.01,25.56,37.21,20.34,12.45,52.87,101.96,15.25
2019-11-07,84.0,0.61,9.35,20.79,13.36,9.31,19.26,52.22,13.56
2019-11-08,57.0,0.61,13.33,22.57,15.25,8.53,12.19,41.81,11.76
2019-11-09,82.0,0.8,18.64,31.47,14.44,8.97,27.12,73.34,13.91
2019-11-10,97.0,1.02,26.17,30.33,21.17,9.21,49.51,98.73,13.09
2019-11-11,108.0,1.12,18.86,39.04,26.65,10.26,57.72,106.42,13.54
2019-11-12,134.0,1.21,23.32,42.53,32.22,12.41,69.7,132.42,15.99
2019-11-13,140.0,1.03,19.44,47.12,28.58,9.55,64.9,122.75,17.01
2019-11-14,128.0,0.79,17.52,45.44,31.66,11.34,62.54,123.27,17.78
2019-11-15,131.0,0.88,17.47,48.03,29.62,10.86,69.75,128.01,18.87
2019-11-16,149.0,0.86,15.82,42.82,31.08,15.39,77.05,135.69,19.51
2019-11-17,149.0,0.93,15.95,35.4,28.13,21.01,70.89,123.26,17.79
2019-11-18,140.0,0.89,10.68,41.1,40.98,14.91,72.13,125.42,16.91
2019-11-19,184.0,1.17,23.24,52.54,33.36,10.58,90.92,163.46,16.51
2019-11-20,209.0,1.22,29.09,51.64,33.38,10.92,91.86,171.91,19.47
2019-11-21,209.0,1.16,23.58,49.5,29.5,11.59,92.37,167.92,20.64
2019-11-22,208.0,1.07,22.99,47.1,31.78,17.75,87.03,163.02,19.7
2019-11-23,184.0,1.08,25.47,42.15,28.57,16.27,82.21,154.89,18.22
2019-11-24,176.0,0.98,17.24,41.2,40.96,15.66,82.78,149.57,16.35
2019-11-25,190.0,1.06,20.65,44.9,36.41,13.78,89.06,159.83,16.88
2019-11-26,193.0,1.07,28.52,47.23,39.16,17.3,83.45,158.37,16.93
2019-11-27,173.0,0.94,33.12,40.31,23.19,16.55,73.81,143.06,17.02
2019-11-28,146.0,1.1,23.35,49.86,35.46,17.73,71.95,142.88,19.14
2019-11-29,163.0,1.21,32.36,43.02,28.14,16.65,81.38,148.72,19.31
2019-11-30,186.0,1.05,22.47,44.13,31.04,17.05,87.36,158.29,18.8
2019-12-01,212.0,1.27,34.82,40.69,27.11,16.74,94.89,168.1,18.47
2019-12-02,174.0,1.02,17.63,36.01,29.09,14.84,64.67,120.78,17.11
2019-12-03,115.0,0.93,25.44,33.4,20.33,14.4,39.87,98.1,18.28
2019-12-04,99.0,0.89,22.61,33.59,25.2,10.19,49.87,109.16,18.07
2019-12-05,111.0,1.01,23.97,36.28,19.03,9.91,65.29,121.72,34.63
2019-12-06,180.0,1.0,21.27,37.76,25.39,11.19,83.28,149.35,21.47
2019-12-07,154.0,0.96,22.79,42.12,33.03,10.58,70.54,140.48,19.52
2019-12-08,174.0,1.05,16.35,43.61,39.85,11.77,88.13,157.73,18.82
2019-12-09,205.0,1.14,20.08,42.56,37.94,12.12,82.73,147.34,18.14
2019-12-10,171.0,1.22,23.16,46.79,37.99,13.51,82.73,150.62,20.61
2019-12-11,198.0,1.29,28.29,44.51,28.02,14.82,95.77,169.34,21.34
2019-12-12,229.0,1.32,39.47,41.68,31.95,16.04,95.21,169.26,19.77
2019-12-13,203.0,1.02,19.79,39.02,32.43,14.48,72.43,132.97,17.73
2019-12-14,110.0,0.99,25.28,36.34,33.34,12.67,50.06,110.41,16.16
2019-12-15,128.0,1.15,26.16,40.24,34.86,12.47,69.63,143.27,15.63
2019-12-16,180.0,1.34,29.25,39.26,33.36,13.46,89.46,161.83,16.79
2019-12-17,191.0,1.18,29.99,37.31,38.95,10.74,80.42,149.67,17.29
2019-12-18,164.0,0.92,22.08,37.22,40.44,10.17,73.92,137.11,17.01
2019-12-19,164.0,0.98,26.2,38.8,35.35,9.88,75.17,138.83,17.47
2019-12-20,187.0,1.14,32.6,49.03,39.76,10.1,94.27,169.49,18.38
2019-12-21,212.0,1.25,43.51,45.96,27.67,10.79,94.04,174.95,18.72
2019-12-22,225.0,1.21,32.75,41.58,26.98,11.57,94.72,171.39,19.23
2019-12-23,214.0,1.18,35.31,37.77,30.36,13.41,94.33,167.3,20.09
2019-12-24,250.0,1.28,30.94,46.54,41.44,11.52,122.89,205.91,23.81
2019-12-25,283.0,1.26,24.85,44.73,28.58,10.77,134.32,215.78,23.2
2019-12-26,268.0,0.98,24.13,34.22,29.76,10.49,87.5,152.83,21.21
2019-12-27,184.0,1.02,30.85,39.77,32.89,10.27,88.03,154.44,19.47
2019-12-28,167.0,0.98,28.21,35.86,33.43,8.75,75.77,140.33,18.35
2019-12-29,160.0,0.98,26.83,36.07,36.88,9.36,75.81,145.75,18.59
2019-12-30,181.0,1.03,27.84,36.03,41.98,9.28,86.42,155.08,18.84
2019-12-31,159.0,0.82,16.87,37.46,56.55,10.47,65.76,127.82,15.52
2020-01-01,194.0,1.22,40.17,46.39,45.97,10.98,104.06,183.88,15.69
2020-01-02,260.0,1.02,14.73,41.14,48.34,8.03,107.87,171.73,16.86
2020-01-03,221.0,0.97,18.77,40.42,48.31,7.94,93.64,157.8,15.47
2020-01-04,225.0,0.96,13.92,39.68,49.76,6.66,94.05,158.44,15.1
2020-01-05,229.0,1.1,28.01,39.93,39.59,7.9,91.04,162.68,16.3
2020-01-06,157.0,1.01,24.3,38.91,43.46,8.68,70.2,142.64,18.3
2020-01-07,177.0,1.29,44.5,42.33,31.33,9.46,87.2,165.84,21.67
2020-01-08,166.0,0.89,23.68,29.07,36.12,7.73,64.97,120.55,18.76
2020-01-09,122.0,0.85,16.13,38.98,39.85,8.96,59.98,126.87,15.59
2020-01-10,127.0,0.93,22.62,43.01,36.59,10.04,65.06,143.74,14.29
2020-01-11,151.0,1.08,31.83,43.56,38.7,10.12,76.71,162.07,22.54
2020-01-12,211.0,1.47,57.3,38.02,33.46,10.84,98.12,194.66,26.77
2020-01-13,178.0,0.84,18.8,29.65,28.54,6.73,68.39,120.46,23.91
2020-01-14,100.0,0.7,21.17,26.54,30.25,6.28,36.33,97.67,18.73
2020-01-15,97.0,0.65,18.69,30.43,37.85,6.32,30.53,91.62,15.37
2020-01-16,90.0,0.66,15.66,31.54,37.14,5.95,34.16,84.73,16.18
2020-01-17,93.0,0.68,21.31,41.19,38.68,6.3,51.0,115.87,15.45
2020-01-18,160.0,0.98,21.29,55.99,37.57,7.63,87.28,167.77,18.35
2020-01-19,213.0,1.12,48.56,48.29,35.96,8.28,96.1,195.03,20.81
2020-01-20,205.0,1.3,49.49,47.23,41.83,10.52,89.26,181.54,22.7
2020-01-21,227.0,1.58,65.0,44.95,37.38,10.32,96.99,207.73,23.11
2020-01-22,192.0,1.49,71.62,42.07,37.74,11.8,78.69,173.23,22.24
2020-01-23,196.0,1.24,39.85,44.52,40.14,11.77,87.78,189.99,22.07
2020-01-24,172.0,1.17,36.83,40.8,39.02,11.7,73.57,163.95,20.89
2020-01-25,182.0,1.32,43.7,43.88,47.99,14.01,91.57,192.11,22.38
2020-01-26,253.0,1.4,47.34,43.92,39.74,13.46,103.35,210.51,22.89
2020-01-27,183.0,0.76,21.19,29.0,35.14,10.5,57.22,120.42,22.26
2020-01-28,94.0,0.64,27.08,21.6,22.79,8.01,25.47,81.69,19.6
2020-01-29,85.0,0.56,13.46,22.88,37.65,4.22,19.77,97.0,16.2
2020-01-30,123.0,0.84,25.75,38.17,42.4,8.11,52.66,141.65,17.89
2020-01-31,145.0,1.03,30.65,43.82,42.66,8.65,65.97,158.62,18.82
2020-02-01,154.0,1.12,31.63,46.68,41.77,7.48,72.14,168.79,19.18
2020-02-02,183.0,1.31,51.93,38.05,37.43,8.75,80.79,186.22,22.59
2020-02-03,192.0,1.28,36.72,35.54,35.33,6.21,83.47,165.19,23.47
2020-02-04,178.0,0.77,16.67,40.07,55.83,7.25,77.73,151.8,21.14
2020-02-05,151.0,0.96,36.17,47.47,41.6,9.38,60.91,153.38,20.72
2020-02-06,138.0,0.87,16.91,36.64,52.05,7.87,47.67,127.57,21.09
2020-02-07,129.0,0.9,32.11,39.96,46.27,9.22,49.35,136.21,20.77
2020-02-08,133.0,1.0,24.39,39.85,47.02,7.72,68.47,151.73,21.46
2020-02-09,142.0,1.03,14.68,31.18,44.3,9.26,68.29,144.61,20.06
2020-02-10,134.0,0.93,17.49,36.19,45.84,8.38,56.58,129.32,18.16
2020-02-11,130.0,1.05,26.37,38.82,39.01,8.71,60.95,143.87,19.31
2020-02-12,136.0,1.1,31.29,48.17,38.14,8.9,60.53,145.25,19.98
2020-02-13,144.0,1.11,43.06,52.26,41.11,8.5,67.91,152.14,20.6
2020-02-14,141.0,0.87,33.45,48.61,46.83,9.01,58.14,149.22,19.47
2020-02-15,141.0,0.88,37.35,45.62,36.31,9.59,53.27,151.37,19.77
2020-02-16,147.0,0.95,26.61,47.33,54.41,10.41,68.93,165.51,18.7
2020-02-17,234.0,1.3,40.65,54.75,54.43,9.46,102.48,212.49,21.74
2020-02-18,217.0,1.25,40.77,61.16,51.79,12.09,88.15,201.4,23.17
2020-02-19,224.0,1.32,52.42,59.13,47.26,14.81,92.5,212.28,30.49
2020-02-20,175.0,1.0,37.9,46.33,27.28,10.38,62.8,146.64,23.47
2020-02-21,110.0,0.75,26.82,35.82,23.71,9.11,39.37,100.68,23.77
2020-02-22,121.0,0.97,27.56,53.25,43.03,12.37,65.93,157.96,21.75
2020-02-23,185.0,1.19,37.84,57.94,47.06,13.28,77.63,194.83,21.11
2020-02-24,176.0,1.22,35.27,56.76,46.95,12.73,84.7,185.63,21.9
2020-02-25,170.0,0.95,38.95,49.44,32.01,11.32,48.01,152.41,20.22
2020-02-26,130.0,0.75,17.35,50.32,46.17,14.57,41.03,131.59,21.45
2020-02-27,136.0,0.92,27.45,57.91,50.93,15.46,51.74,144.95,23.77
2020-02-28,173.0,1.37,63.03,71.94,43.82,16.66,77.61,185.24,23.88
2020-02-29,193.0,1.24,61.44,58.47,27.98,16.08,74.98,183.77,26.05
2020-03-01,125.0,0.65,23.67,32.11,23.93,13.19,43.39,121.29,28.59
2020-03-02,123.0,0.77,49.03,28.46,19.25,16.93,52.18,142.49,21.12
2020-03-03,127.0,0.46,20.36,26.55,27.79,17.25,43.68,137.1,21.76
2020-03-04,118.0,0.52,21.57,27.93,27.16,15.98,36.73,122.49,19.32
2020-03-05,108.0,0.53,17.09,26.95,21.06,17.87,32.59,108.48,19.16
2020-03-06,102.0,0.43,21.05,19.07,18.27,17.17,20.15,105.77,17.49
2020-03-07,107.0,0.48,14.59,23.93,27.96,9.15,24.45,131.04,16.16
2020-03-08,122.0,0.57,20.26,31.81,30.18,9.73,27.0,125.15,14.65
2020-03-09,121.0,0.67,17.46,31.06,28.36,9.61,35.03,134.18,16.27
2020-03-10,128.0,0.77,19.71,20.36,22.31,12.7,40.47,125.98,18.29
2020-03-11,88.0,0.43,13.42,19.18,24.98,11.07,16.04,74.65,14.87
2020-03-12,80.0,0.49,17.93,24.74,22.72,10.72,18.59,80.55,14.78
2020-03-13,84.0,0.5,12.31,30.64,34.81,7.84,23.81,108.48,14.74
2020-03-14,117.0,0.58,11.69,34.81,41.79,7.96,30.33,126.36,15.92
2020-03-15,143.0,1.01,42.39,41.75,36.0,12.24,49.84,175.84,17.02
2020-03-16,154.0,1.24,42.84,53.12,40.61,14.86,57.99,190.49,22.98
2020-03-17,191.0,1.66,73.59,52.95,45.85,15.1,78.54,204.96,19.98
2020-03-18,167.0,1.02,47.33,42.38,40.01,11.79,52.03,150.71,20.92
2020-03-19,113.0,0.6,24.02,26.7,31.9,7.97,30.33,99.38,23.04
2020-03-20,91.0,0.5,32.78,14.85,19.03,6.6,21.08,84.44,22.48
2020-03-21,82.0,0.47,23.5,16.51,24.3,11.0,20.14,67.91,20.59
2020-03-22,67.0,0.36,12.44,9.46,27.87,12.08,16.75,53.27,16.68
2020-03-23,66.0,0.42,9.84,11.07,32.77,12.02,23.48,64.7,14.84
2020-03-24,86.0,0.52,10.91,12.34,38.04,8.75,35.58,92.81,13.82
2020-03-25,91.0,0.5,10.93,11.34,31.58,8.32,30.86,77.24,11.97
2020-03-26,71.0,0.43,11.52,11.3,26.73,10.16,27.82,65.48,11.6
2020-03-27,70.0,0.4,8.32,8.64,35.76,7.19,24.81,69.65,11.1
2020-03-28,78.0,0.48,7.49,11.9,38.94,7.55,28.14,67.46,11.2
2020-03-29,78.0,0.42,6.46,9.89,47.85,7.27,23.43,66.1,9.98
2020-03-30,77.0,0.43,7.59,9.66,39.26,6.86,23.57,63.65,9.82
2020-03-31,69.0,0.46,9.69,9.0,29.17,7.26,25.36,63.61,10.37
2020-04-01,63.0,0.4,9.72,7.77,31.73,6.55,20.08,58.94,10.35
2020-04-02,78.0,0.43,8.63,8.62,37.54,6.84,26.27,77.19,9.96
2020-04-03,85.0,0.39,8.18,7.58,29.94,6.49,24.33,83.88,9.2
2020-04-04,83.0,0.42,9.35,7.94,28.5,6.47,24.7,78.44,8.72
2020-04-05,78.0,0.44,10.76,8.48,28.81,6.67,27.36,73.53,8.25
2020-04-06,67.0,0.36,10.49,6.55,23.34,7.06,20.82,54.45,7.73
2020-04-07,62.0,0.36,12.88,6.24,18.93,7.06,24.1,79.61,7.31
2020-04-08,93.0,0.37,14.47,6.72,14.77,6.95,29.52,98.54,7.97
2020-04-09,95.0,0.38,14.81,6.81,15.14,8.89,28.3,93.39,9.05
2020-04-10,87.0,0.37,12.95,6.96,20.75,8.49,25.89,83.39,8.32
2020-04-11,81.0,0.44,12.22,7.98,21.8,7.97,29.54,82.21,6.82
2020-04-12,86.0,0.45,12.69,9.13,20.04,7.79,28.26,81.99,6.12
2020-04-13,79.0,0.44,14.18,9.18,16.16,7.39,25.58,75.31,6.31
2020-04-14,87.0,0.53,14.12,10.47,18.91,7.61,26.89,81.61,7.83
2020-04-15,85.0,0.72,14.66,9.77,19.93,7.78,26.61,66.58,8.03
2020-04-16,75.0,0.59,12.42,9.16,19.32,6.73,20.55,55.03,6.81
2020-04-17,73.0,0.64,15.73,7.89,16.09,6.36,20.54,53.53,6.21
2020-04-18,70.0,0.63,14.47,8.08,16.7,6.34,18.48,52.34,7.02
2020-04-19,74.0,0.65,12.36,9.07,21.48,6.79,19.99,63.75,7.11
2020-04-20,82.0,0.7,13.28,10.38,20.19,7.88,25.7,81.0,9.29
2020-04-21,76.0,0.57,15.42,6.97,23.39,7.59,18.64,54.81,10.49
2020-04-22,61.0,0.41,17.22,6.11,22.45,8.4,18.03,52.92,8.12
2020-04-23,67.0,0.4,18.58,6.99,19.66,10.28,19.8,54.84,7.04
2020-04-24,58.0,0.38,17.53,6.09,18.66,11.57,20.82,47.88,6.92
2020-04-25,57.0,0.32,15.01,6.5,23.08,12.46,16.78,44.63,6.74
2020-04-26,63.0,0.36,17.43,8.25,22.98,14.12,19.05,51.09,6.13
2020-04-27,60.0,0.34,15.92,5.72,17.94,14.37,17.23,45.04,6.06
2020-04-28,60.0,0.35,13.63,7.66,25.02,13.98,19.82,50.93,6.12
2020-04-29,77.0,0.36,19.66,6.68,24.01,14.49,21.01,57.68,5.42
2020-04-30,68.0,0.33,15.49,6.96,17.54,15.2,20.8,53.42,5.42
2020-05-01,61.0,0.31,14.86,5.54,18.53,14.47,15.53,43.76,5.4
2020-05-02,53.0,0.28,17.89,5.44,16.06,12.43,13.15,39.87,4.84
2020-05-03,53.0,0.27,15.73,5.28,15.22,12.04,12.02,34.64,5.47
2020-05-04,47.0,0.28,19.77,5.21,14.68,11.52,11.51,33.77,5.86
2020-05-05,51.0,0.29,24.49,6.59,16.25,10.62,11.2,42.66,6.16
2020-05-06,61.0,0.3,22.12,6.71,17.43,12.95,12.09,55.6,5.28
2020-05-07,65.0,0.35,23.01,6.24,19.58,20.98,14.3,52.48,4.3
2020-05-08,69.0,0.38,20.66,5.62,21.41,29.68,15.26,60.85,3.93
2020-05-09,67.0,0.3,17.02,5.12,21.56,32.49,14.21,54.67,4.03
2020-05-10,70.0,0.3,26.93,3.32,19.12,32.18,13.08,49.13,3.19
2020-05-11,75.0,0.36,28.97,6.4,18.86,28.8,16.85,57.84,3.6
2020-05-12,81.0,0.34,32.32,5.73,18.22,37.37,13.72,51.68,3.53
2020-05-13,74.0,0.28,21.01,7.35,19.43,29.05,14.67,53.52,3.73
2020-05-14,65.0,0.29,21.05,9.24,15.53,21.85,15.23,56.14,2.91
2020-05-15,70.0,0.31,19.37,9.47,15.69,26.61,17.67,62.36,4.07
2020-05-16,79.0,0.31,29.33,9.88,18.71,14.56,30.44,109.67,4.49
2020-05-17,119.0,0.28,17.76,8.21,23.93,13.73,29.74,110.21,4.38
2020-05-18,86.0,0.26,15.73,9.61,24.78,15.6,21.3,74.82,4.34
2020-05-19,74.0,0.28,22.2,9.44,19.74,14.24,15.36,65.41,4.19
2020-05-20,66.0,0.28,22.15,11.07,19.82,14.07,14.14,48.48,5.56
2020-05-21,57.0,0.27,15.41,12.93,20.84,12.22,16.44,43.01,4.12
2020-05-22,51.0,0.26,13.97,11.9,21.34,12.06,14.78,43.77,3.23
2020-05-23,55.0,0.29,16.39,10.89,18.87,10.33,15.18,52.48,3.29
2020-05-24,55.0,0.25,14.5,10.01,18.56,9.66,12.33,44.41,3.11
2020-05-25,54.0,0.25,13.1,9.36,19.15,8.85,11.81,53.97,3.07
2020-05-26,57.0,0.24,15.81,8.14,18.75,8.57,12.64,60.01,3.08
2020-05-27,59.0,0.21,16.71,8.74,19.01,6.44,11.7,49.07,4.51
2020-05-28,56.0,0.22,15.52,7.43,18.17,6.76,12.21,46.97,4.61
2020-05-29,50.0,0.26,14.79,7.02,17.14,7.58,7.33,30.7,3.74
2020-05-30,49.0,0.27,15.83,6.63,14.37,6.93,10.08,42.19,3.61
2020-05-31,53.0,0.31,13.06,6.51,15.63,6.9,8.99,41.07,3.39
2020-06-01,48.0,0.33,15.13,13.22,25.44,7.68,17.27,44.22,3.4
2020-06-02,52.0,0.43,13.56,16.61,23.44,7.71,21.94,46.59,4.66
2020-06-03,50.0,0.28,11.06,12.38,22.89,7.7,8.38,19.05,6.58
2020-06-04,48.0,0.34,14.01,15.73,17.66,10.03,20.53,47.52,6.41
2020-06-05,66.0,0.31,16.89,16.35,23.29,11.64,11.26,33.01,13.01
2020-06-06,46.0,0.28,16.51,10.81,14.98,11.76,9.38,30.27,12.51
2020-06-07,49.0,0.31,18.3,10.79,14.68,10.8,10.85,35.86,11.73
2020-06-08,50.0,0.33,13.86,13.93,20.42,11.19,8.92,25.63,11.24
2020-06-09,47.0,0.33,16.24,10.65,15.69,11.95,8.93,28.08,9.74
2020-06-10,48.0,0.33,18.59,8.75,12.88,12.71,10.43,34.98,7.54
2020-06-11,48.0,0.32,18.46,8.24,12.38,12.79,9.0,28.18,6.45
2020-06-12,52.0,0.38,20.73,11.19,10.47,13.66,10.46,31.78,8.08
2020-06-13,54.0,0.39,21.91,12.43,10.05,13.49,10.36,27.75,11.9
2020-06-14,51.0,0.38,18.38,12.87,10.15,10.2,9.87,25.02,10.7
2020-06-15,49.0,0.4,17.7,14.08,9.59,11.14,10.58,27.54,10.34
2020-06-16,54.0,0.44,16.53,13.97,13.5,11.24,9.59,22.68,10.33
2020-06-17,46.0,0.41,15.53,14.26,10.55,11.22,6.62,21.38,10.46
2020-06-18,50.0,0.43,20.39,16.02,8.84,10.89,7.46,26.97,10.77
2020-06-19,58.0,0.42,20.58,11.74,8.68,10.96,14.69,54.73,12.19
2020-06-20,61.0,0.34,14.78,8.43,8.3,10.72,11.97,52.15,10.46
2020-06-21,55.0,0.32,11.95,9.94,9.32,11.43,9.27,41.0,9.36
2020-06-22,51.0,0.39,15.68,10.56,8.49,8.82,12.61,47.23,9.03
2020-06-23,59.0,0.38,17.96,14.83,9.94,5.01,9.56,32.9,13.97
2020-06-24,55.0,0.4,22.24,11.76,9.34,4.77,8.73,30.22,12.7
2020-06-25,59.0,0.4,23.7,9.81,7.88,5.19,11.84,43.79,8.94
2020-06-26,57.0,0.42,25.81,8.6,6.02,7.66,13.82,47.1,17.45
2020-06-27,64.0,0.43,28.29,8.58,5.68,10.36,18.04,63.72,26.69
2020-06-28,64.0,0.38,27.15,8.06,5.76,10.58,12.33,44.84,26.5
2020-06-29,54.0,0.38,26.58,7.94,5.84,11.11,7.88,27.51,23.94
2020-06-30,54.0,0.36,25.25,8.02,6.94,13.4,4.66,13.87,19.89
2020-07-01,53.0,0.37,27.64,5.57,6.68,13.18,3.84,11.28,23.6
2025-11-06T16:40:24,3,194.2,0,0.73,121.53,4.4,48.08,68.1,0
2025-11-06T18:08:30,3,190.52,0,0.78,115.1,4.69,47.14,67.59,0
2025-11-06T18:37:15,3,193.05,0,0.79,114.19,4.81,48.16,66.28,0
2025-11-07T04:38:02,4,222.72,0.05,0.87,132.48,7.16,66.17,76.44,0
2025-11-07T05:11:50,4,222.72,0.05,0.87,132.48,7.16,66.17,76.44,0
